latitude,longitude,bright_ti4,scan,track,acq_date,acq_time,satellite,instrument,confidence,version,bright_ti5,frp,daynight
37.0118,-120.5057,324.25,0.57,0.62,2025-04-23,0841,NPP,VIIRS,nominal,2.0,278.84,22.79,D
-5.4562,-53.0256,380.0,0.63,0.59,2025-09-28,0640,NPP,VIIRS,high,2.0,330.57,10.73,D
-12.329,-53.9393,373.61,0.59,0.48,2025-08-12,0242,NPP,VIIRS,high,2.0,330.29,12.87,N
-5.3016,-56.069,356.73,0.38,0.54,2025-03-02,1347,N20,VIIRS,nominal,2.0,304.12,9.26,D
40.0023,21.8082,380.0,0.69,0.49,2025-06-17,1125,N20,VIIRS,high,2.0,334.14,26.75,D
-9.4579,-56.294,318.52,0.44,0.58,2025-06-28,0424,NPP,VIIRS,low,2.0,276.87,1.51,N
-33.0905,145.5338,315.38,0.37,0.53,2025-07-17,1959,N20,VIIRS,low,2.0,280.09,23.36,N
-3.3383,23.4824,380.0,0.76,0.39,2025-06-30,1859,NPP,VIIRS,high,2.0,329.29,5.97,D
39.5617,-117.7608,302.27,0.63,0.63,2025-08-02,1448,N20,VIIRS,low,2.0,265.43,9.57,D
38.8552,-118.5798,332.72,0.5,0.71,2025-03-27,2318,N21,VIIRS,nominal,2.0,292.78,13.96,N
-5.3789,-56.7533,308.01,0.58,0.51,2025-03-24,0014,NPP,VIIRS,low,2.0,270.2,14.55,N
37.9603,22.202,311.35,0.36,0.46,2025-02-20,1358,NPP,VIIRS,low,2.0,277.96,4.49,D
-33.5255,144.8082,380.0,0.7,0.59,2025-03-27,0017,N20,VIIRS,high,2.0,327.01,21.01,N
-2.913,20.4795,300.0,0.5,0.41,2025-06-29,1819,NPP,VIIRS,low,2.0,265.41,2.83,D
-32.3444,149.8485,308.58,0.54,0.5,2025-12-16,1509,N20,VIIRS,low,2.0,273.61,1.66,D
38.4708,20.7756,316.04,0.68,0.78,2025-09-02,0525,N20,VIIRS,low,2.0,274.1,7.14,N
-9.8892,-54.3492,304.77,0.42,0.77,2025-01-19,0401,N21,VIIRS,low,2.0,271.02,3.28,N
38.5573,-121.4365,367.44,0.58,0.41,2025-11-20,1752,NPP,VIIRS,high,2.0,319.52,2.83,D
-2.369,19.8846,307.99,0.77,0.37,2025-10-09,1707,NPP,VIIRS,low,2.0,270.72,7.67,D
35.9525,25.4666,304.12,0.76,0.52,2025-02-20,0324,N20,VIIRS,nominal,2.0,272.53,105.94,N
-38.495,147.0005,314.25,0.47,0.6,2025-10-20,0838,N20,VIIRS,low,2.0,279.64,18.69,D
38.5168,-120.0976,380.0,0.37,0.64,2025-12-22,0034,NPP,VIIRS,high,2.0,331.86,0.5,N
36.196,-118.1953,380.0,0.74,0.51,2025-02-13,1627,NPP,VIIRS,high,2.0,332.72,3.18,D
37.4638,-119.4523,337.75,0.74,0.71,2025-04-19,0417,N20,VIIRS,nominal,2.0,291.99,2.93,N
37.0306,-117.249,312.38,0.5,0.41,2025-03-09,1549,NPP,VIIRS,low,2.0,271.43,8.02,D
-5.1166,17.3596,313.86,0.74,0.77,2025-01-15,0307,N20,VIIRS,low,2.0,280.97,42.32,N
-32.3124,147.9027,323.92,0.54,0.52,2025-01-11,1234,N21,VIIRS,low,2.0,287.09,6.0,D
36.6629,-118.2444,318.4,0.63,0.57,2025-12-14,1144,N20,VIIRS,low,2.0,279.91,14.43,D
-6.0198,-57.7748,319.76,0.71,0.43,2025-04-24,2105,N21,VIIRS,low,2.0,281.47,7.33,N
42.4479,-121.6608,302.75,0.62,0.53,2025-06-06,2326,N21,VIIRS,low,2.0,263.03,4.77,N
-1.6947,17.0782,380.0,0.69,0.55,2025-11-08,1543,NPP,VIIRS,high,2.0,341.5,25.63,D
-4.6646,-59.3047,332.48,0.62,0.37,2025-02-26,0132,N20,VIIRS,nominal,2.0,292.23,8.18,N
36.6255,21.4997,336.14,0.72,0.47,2025-08-22,1109,NPP,VIIRS,nominal,2.0,297.32,29.98,D
40.9391,22.627,300.0,0.73,0.37,2025-11-06,1539,NPP,VIIRS,low,2.0,271.37,12.89,D
37.0852,-119.4678,365.44,0.47,0.46,2025-06-09,2234,N20,VIIRS,high,2.0,319.62,1.84,N
37.6085,24.701,308.36,0.39,0.74,2025-11-16,0823,NPP,VIIRS,low,2.0,280.0,1.39,D
37.5901,-120.3864,305.69,0.58,0.6,2025-06-09,1519,NPP,VIIRS,low,2.0,274.04,7.5,D
-4.5577,-54.0888,300.0,0.71,0.56,2025-08-21,2238,NPP,VIIRS,low,2.0,262.31,3.99,N
-11.6464,-64.0629,380.0,0.77,0.39,2025-04-20,1023,NPP,VIIRS,high,2.0,322.82,8.14,D
-34.182,148.8801,302.04,0.48,0.65,2025-12-12,0618,N20,VIIRS,low,2.0,271.0,9.88,D
-7.1251,-57.1766,307.13,0.43,0.4,2025-08-13,1831,NPP,VIIRS,low,2.0,272.36,5.38,D
37.3761,-119.7471,310.45,0.54,0.55,2025-08-09,1812,N21,VIIRS,low,2.0,268.94,6.74,D
39.8271,21.4684,326.22,0.55,0.68,2025-10-16,2148,NPP,VIIRS,nominal,2.0,288.61,7.36,N
-35.9525,151.6111,366.76,0.69,0.51,2025-05-22,0359,N20,VIIRS,high,2.0,318.35,5.14,N
-5.0551,-60.0579,380.0,0.38,0.39,2025-10-28,1639,N20,VIIRS,high,2.0,335.89,11.39,D
-2.6582,21.4491,356.47,0.52,0.78,2025-01-18,0641,NPP,VIIRS,nominal,2.0,313.91,1.53,D
36.968,23.6052,300.0,0.39,0.65,2025-12-15,0907,NPP,VIIRS,low,2.0,264.75,4.67,D
36.7346,-119.9456,368.52,0.72,0.72,2025-06-14,1719,N20,VIIRS,high,2.0,321.66,8.63,D
-5.914,-52.1607,357.03,0.64,0.51,2025-01-06,0533,N20,VIIRS,high,2.0,308.66,26.18,N
-30.9857,149.036,365.68,0.75,0.64,2025-02-26,0457,N20,VIIRS,high,2.0,321.58,2.83,N
36.7478,-118.8687,378.95,0.51,0.65,2025-11-16,0616,N20,VIIRS,high,2.0,332.19,11.57,D
-5.9018,20.7645,340.51,0.61,0.59,2025-05-30,0614,N20,VIIRS,nominal,2.0,295.79,4.0,D
-36.1649,149.6337,312.64,0.68,0.62,2025-03-09,0344,N20,VIIRS,low,2.0,285.02,0.86,N
-11.0348,-60.7379,325.89,0.43,0.7,2025-07-18,1950,NPP,VIIRS,low,2.0,289.21,4.9,N
-9.3347,-55.4162,334.17,0.61,0.79,2025-10-31,1803,N20,VIIRS,nominal,2.0,292.42,2.83,D
-10.3963,-49.8056,304.91,0.73,0.76,2025-10-07,1333,NPP,VIIRS,low,2.0,271.93,1.97,D
-7.3445,-58.1943,302.57,0.52,0.46,2025-01-23,1805,NPP,VIIRS,low,2.0,270.19,6.94,D
38.9728,23.2121,348.62,0.76,0.63,2025-01-30,1344,N20,VIIRS,nominal,2.0,301.02,13.41,D
39.4224,25.0536,311.2,0.37,0.56,2025-01-10,0319,N20,VIIRS,low,2.0,277.04,7.51,N
-31.6692,151.8824,332.12,0.64,0.67,2025-12-01,2148,NPP,VIIRS,nominal,2.0,285.22,6.82,N
36.7652,-117.4248,309.33,0.44,0.72,2025-01-08,2011,N20,VIIRS,low,2.0,276.36,28.62,N
40.6471,23.9121,371.12,0.47,0.56,2025-06-06,1252,N20,VIIRS,high,2.0,325.43,2.68,D
-33.9039,146.4213,342.36,0.57,0.66,2025-07-28,0537,NPP,VIIRS,nominal,2.0,296.95,2.57,N
-34.434,145.4308,310.06,0.78,0.42,2025-02-22,1933,NPP,VIIRS,low,2.0,278.0,6.74,N
-9.5464,-63.7652,326.79,0.38,0.41,2025-08-10,1133,N21,VIIRS,low,2.0,289.24,2.24,D
-30.5062,147.876,324.57,0.76,0.62,2025-03-01,1552,N20,VIIRS,low,2.0,278.71,10.48,D
34.8935,-123.8158,380.0,0.7,0.71,2025-01-28,0557,N20,VIIRS,high,2.0,334.2,8.55,N
38.1325,-121.1651,327.29,0.77,0.44,2025-01-31,0725,NPP,VIIRS,low,2.0,284.94,2.2,D
36.2529,-118.5756,350.45,0.53,0.7,2025-04-06,0214,N21,VIIRS,nominal,2.0,310.83,5.6,N
-10.5107,-53.4851,328.37,0.59,0.63,2025-05-08,1502,N20,VIIRS,nominal,2.0,291.34,13.24,D
-32.8843,147.4688,359.19,0.49,0.55,2025-01-30,0027,N20,VIIRS,high,2.0,316.25,22.28,N
38.4742,23.4476,380.0,0.6,0.74,2025-02-25,1729,NPP,VIIRS,high,2.0,328.83,15.9,D
-31.0854,147.7878,308.58,0.33,0.49,2025-01-28,0514,NPP,VIIRS,low,2.0,271.36,4.75,N
-3.7175,14.8866,380.0,0.61,0.5,2025-10-02,1922,N20,VIIRS,high,2.0,338.43,25.51,N
36.5217,22.6191,355.8,0.6,0.7,2025-06-30,0318,NPP,VIIRS,nominal,2.0,315.92,8.9,N
-3.2847,20.1548,300.0,0.56,0.67,2025-12-07,2205,NPP,VIIRS,low,2.0,270.27,2.63,N
-5.531,-53.3946,317.16,0.32,0.48,2025-12-03,0314,N21,VIIRS,low,2.0,277.67,2.71,N
-2.5772,27.471,380.0,0.5,0.69,2025-09-07,2046,N20,VIIRS,high,2.0,326.96,,N
-32.1434,148.1543,318.07,0.32,0.51,2025-04-28,1728,N20,VIIRS,low,2.0,282.1,3.31,D
-32.545,149.2719,311.14,0.56,0.44,2025-08-19,1300,NPP,VIIRS,low,2.0,271.84,13.5,D
-6.9325,-57.6421,364.98,0.53,0.64,2025-10-03,0311,NPP,VIIRS,high,2.0,318.41,2.19,N
36.6866,-120.6829,332.51,0.8,0.71,2025-06-20,0641,NPP,VIIRS,nominal,2.0,292.83,0.71,D
-14.5103,-55.4783,339.96,0.53,0.75,2025-02-18,1049,NPP,VIIRS,nominal,2.0,298.85,6.65,D
-4.6558,20.3725,306.48,0.41,0.69,2025-06-24,2109,N21,VIIRS,low,2.0,279.23,4.01,N
-31.2865,148.7961,333.46,0.64,0.72,2025-07-20,1709,NPP,VIIRS,nominal,2.0,298.95,32.21,D
-5.6416,-59.4802,335.94,0.4,0.78,2025-03-21,1253,N20,VIIRS,nominal,2.0,297.1,25.51,D
36.8869,-121.469,326.2,0.32,0.47,2025-12-16,0110,NPP,VIIRS,low,2.0,282.98,3.08,N
38.0875,19.1701,309.14,0.63,0.67,2025-06-13,1410,NPP,VIIRS,low,2.0,274.57,1.45,D
-5.8905,-53.4621,380.0,0.35,0.55,2025-02-07,2143,NPP,VIIRS,high,2.0,336.68,39.3,N
36.9175,17.5528,304.67,0.51,0.76,2025-04-24,1346,N20,VIIRS,low,2.0,274.04,2.06,D
36.5526,-118.1236,309.03,0.64,0.68,2025-10-04,1109,N20,VIIRS,low,2.0,275.74,1.68,D
35.7217,-119.7144,300.0,0.66,0.66,2025-06-15,1809,NPP,VIIRS,low,2.0,266.58,13.23,D
39.5147,22.4033,300.34,0.73,0.39,2025-08-22,1857,N20,VIIRS,low,2.0,270.19,10.0,D
-31.5632,147.6845,321.92,0.66,0.54,2025-02-01,1624,N20,VIIRS,low,2.0,292.4,2.87,D
38.1154,-118.8188,320.79,0.73,0.57,2025-06-07,2254,N21,VIIRS,low,2.0,280.45,1.37,N
-6.3631,-50.2408,303.97,0.71,0.72,2025-05-25,1846,N20,VIIRS,low,2.0,274.67,0.7,D
-6.3125,-53.2937,349.04,0.46,0.67,2025-11-12,1611,N20,VIIRS,nominal,2.0,303.96,3.87,D
-4.4421,20.1665,324.43,0.69,0.59,2025-03-17,0857,NPP,VIIRS,low,2.0,283.89,0.5,D
39.7168,-116.2178,310.3,0.37,0.49,2025-04-20,2134,NPP,VIIRS,low,2.0,277.51,11.11,N
39.3954,-119.4815,308.46,0.79,0.72,2025-07-09,1055,NPP,VIIRS,low,2.0,273.05,0.5,D
38.3503,-121.3469,300.0,0.51,0.78,2025-02-12,0957,N21,VIIRS,low,2.0,264.54,4.61,D
-5.1837,-55.8721,349.61,0.79,0.47,2025-01-06,0922,N20,VIIRS,nominal,2.0,305.09,5.05,D
-1.8365,16.8507,318.4,0.55,0.51,2025-07-07,1830,NPP,VIIRS,nominal,2.0,282.6,95.91,D
-31.1064,148.11,380.0,0.43,0.75,2025-10-29,0845,N21,VIIRS,high,2.0,332.48,2.2,D
37.3547,-119.8648,380.0,0.41,0.44,2025-09-27,1358,NPP,VIIRS,high,2.0,329.25,3.31,D
40.5669,-120.4562,326.14,0.72,0.63,2025-06-02,1057,NPP,VIIRS,low,2.0,283.84,1.23,D
-12.0662,-51.7789,310.35,0.52,0.53,2025-11-10,1125,NPP,VIIRS,low,2.0,274.3,3.41,D
38.9953,-117.8737,310.54,0.7,0.6,2025-02-26,0421,NPP,VIIRS,low,2.0,270.7,7.23,N
37.2781,-119.1172,314.12,0.43,0.48,2025-03-08,2230,N20,VIIRS,low,2.0,279.04,10.06,N
38.3681,-119.2036,311.53,0.56,0.6,2025-06-27,1331,N20,VIIRS,low,2.0,277.72,20.52,D
-35.6731,150.6733,304.77,0.79,0.76,2025-01-26,2012,NPP,VIIRS,low,2.0,269.47,33.24,N
36.3357,-116.8877,369.78,0.67,0.76,2025-11-30,1331,N20,VIIRS,high,2.0,320.94,27.38,D
38.8331,-121.7273,317.53,0.76,0.37,2025-02-28,0618,N20,VIIRS,low,2.0,280.24,7.45,D
40.3452,22.4987,372.14,0.57,0.69,2025-05-09,2134,NPP,VIIRS,high,2.0,327.5,83.25,N
-33.7679,148.5004,303.02,0.41,0.8,2025-03-09,0530,N20,VIIRS,low,2.0,267.41,1.24,N
-35.7433,146.5811,336.2,0.54,0.58,2025-12-21,0410,NPP,VIIRS,nominal,2.0,296.22,14.52,N
39.0863,-120.2192,303.67,0.79,0.64,2025-03-23,0430,N20,VIIRS,low,2.0,269.48,1.35,N
-11.5292,-59.0409,380.0,0.32,0.46,2025-03-24,1616,NPP,VIIRS,high,2.0,327.19,2.72,D
-6.2696,-56.7446,380.0,0.44,0.61,2025-06-18,1048,N20,VIIRS,high,2.0,324.19,8.86,D
34.7723,-124.5317,380.0,0.49,0.53,2025-11-10,2056,NPP,VIIRS,high,2.0,323.49,2.4,N
-14.7993,-50.6506,380.0,0.71,0.64,2025-12-22,0651,NPP,VIIRS,high,2.0,328.76,86.02,D
-6.9918,-53.0581,320.22,0.51,0.74,2025-11-02,0842,N20,VIIRS,low,2.0,278.68,,D
39.5223,-120.5864,324.97,0.68,0.65,2025-07-21,1913,NPP,VIIRS,low,2.0,283.0,3.1,N
-10.3361,-51.7772,302.98,0.35,0.77,2025-08-18,2217,N20,VIIRS,low,2.0,270.52,20.2,N
-12.2369,-49.429,300.0,0.68,0.76,2025-04-21,1703,NPP,VIIRS,low,2.0,272.19,19.41,D
-2.4163,18.6305,380.0,0.79,0.8,2025-12-24,2222,N21,VIIRS,high,2.0,333.36,4.34,N
38.3466,-121.6412,322.87,0.53,0.66,2025-09-20,1441,NPP,VIIRS,low,2.0,287.24,2.66,D
-9.7559,-48.9506,300.66,0.56,0.74,2025-10-31,2251,NPP,VIIRS,low,2.0,263.84,4.28,N
-34.216,145.971,351.46,0.75,0.66,2025-09-19,0251,N21,VIIRS,nominal,2.0,308.73,6.9,N
-6.3281,19.1408,319.52,0.67,0.52,2025-08-08,0517,NPP,VIIRS,low,2.0,284.84,1.23,N
39.6246,21.6306,307.38,0.39,0.56,2025-12-29,1501,N21,VIIRS,low,2.0,270.76,7.68,D
-1.7663,20.4474,311.24,0.35,0.78,2025-09-22,0306,NPP,VIIRS,low,2.0,278.89,8.87,N
39.5334,-119.9173,314.2,0.38,0.38,2025-01-04,0008,NPP,VIIRS,low,2.0,278.33,0.5,N
-5.941,-53.2286,350.39,0.56,0.67,2025-02-25,1103,N20,VIIRS,high,2.0,310.62,126.49,D
-33.5475,147.9715,327.85,0.73,0.54,2025-11-02,0913,N20,VIIRS,nominal,2.0,290.78,9.72,D
-32.9859,146.6794,368.01,0.79,0.71,2025-06-15,2359,NPP,VIIRS,high,2.0,324.39,5.49,N
-10.9021,-54.8184,380.0,0.41,0.61,2025-03-07,0325,NPP,VIIRS,high,2.0,338.72,2.09,N
-33.2065,144.7136,320.89,0.72,0.79,2025-10-12,1545,NPP,VIIRS,low,2.0,281.49,25.02,D
-6.0517,20.1496,343.97,0.7,0.55,2025-12-06,1101,NPP,VIIRS,nominal,2.0,312.31,9.8,D
-33.1889,148.8392,343.83,0.57,0.6,2025-04-17,2113,N20,VIIRS,nominal,2.0,300.99,13.17,N
-6.94,-59.5879,321.9,0.7,0.66,2025-05-26,0627,NPP,VIIRS,low,2.0,279.49,6.58,D
-5.8852,-54.9958,322.94,0.51,0.65,2025-01-03,2141,NPP,VIIRS,low,2.0,283.18,3.93,N
-5.3693,21.8975,335.75,0.65,0.48,2025-08-14,1700,N20,VIIRS,nominal,2.0,295.61,7.44,D
-8.0067,-56.7059,325.05,0.46,0.61,2025-04-15,2352,N21,VIIRS,low,2.0,288.23,11.06,N
-4.7017,14.676,324.88,0.33,0.72,2025-01-18,0614,N20,VIIRS,nominal,2.0,287.31,20.47,D
-34.4192,145.483,320.99,0.32,0.77,2025-09-21,0028,N20,VIIRS,low,2.0,282.12,2.43,N
-5.7785,22.2927,380.0,0.45,0.51,2025-08-06,1154,NPP,VIIRS,high,2.0,331.33,5.37,D
-35.852,148.7877,322.44,0.55,0.62,2025-04-21,2156,NPP,VIIRS,low,2.0,280.09,2.17,N
-6.4506,-54.938,380.0,0.7,0.39,2025-01-18,1803,NPP,VIIRS,high,2.0,328.14,5.53,D
40.5325,22.4982,351.71,0.72,0.61,2025-12-24,1918,N20,VIIRS,nominal,2.0,314.81,2.04,N
39.0836,19.4545,305.51,0.5,0.43,2025-03-07,1552,NPP,VIIRS,low,2.0,276.78,35.96,D
37.2363,23.6353,338.03,0.74,0.4,2025-12-19,1137,N20,VIIRS,nominal,2.0,293.35,2.85,D
-12.9209,-52.6346,347.17,0.52,0.44,2025-08-26,0936,NPP,VIIRS,nominal,2.0,303.52,2.14,D
-5.7785,22.2927,380.0,0.45,0.51,2025-08-06,1154,NPP,VIIRS,high,2.0,331.33,5.37,D
-34.1562,147.484,368.2,0.69,0.74,2025-11-07,1716,N20,VIIRS,high,2.0,321.48,4.34,D
-6.2097,20.5293,375.64,0.35,0.62,2025-11-18,0115,N21,VIIRS,high,2.0,327.01,3.13,N
-33.0162,148.3162,313.25,0.8,0.79,2025-09-24,1654,N20,VIIRS,low,2.0,271.02,0.5,D
-6.3363,-61.4886,309.84,0.39,0.42,2025-07-21,0110,NPP,VIIRS,low,2.0,273.21,13.57,N
-28.9283,148.938,345.66,0.4,0.37,2025-12-03,0923,NPP,VIIRS,nominal,2.0,303.38,2.04,D
-9.525,-55.1321,314.5,0.67,0.41,2025-06-14,0123,NPP,VIIRS,low,2.0,280.5,2.26,N
-35.9441,145.2523,360.98,0.68,0.4,2025-12-27,0720,NPP,VIIRS,nominal,2.0,321.21,3.84,D
-36.0378,142.7385,365.89,0.48,0.45,2025-10-22,0152,N21,VIIRS,high,2.0,325.7,,N
38.3645,19.3546,374.66,0.6,0.74,2025-06-21,2139,NPP,VIIRS,high,2.0,321.85,1.86,N
35.3332,-122.3916,304.66,0.44,0.49,2025-10-08,0418,N20,VIIRS,low,2.0,269.77,1.63,N
-2.697,17.2696,315.62,0.61,0.43,2025-01-16,2036,NPP,VIIRS,low,2.0,278.18,7.8,N
37.0109,-118.5624,312.54,0.37,0.52,2025-12-18,0850,N20,VIIRS,low,2.0,275.96,2.53,D
37.0833,24.129,300.94,0.78,0.55,2025-01-09,0156,N21,VIIRS,low,2.0,264.26,5.19,N
-6.3523,21.1701,355.02,0.53,0.54,2025-08-27,1259,N20,VIIRS,nominal,2.0,308.47,13.19,D
37.0282,-120.1236,372.46,0.47,0.78,2025-06-30,2050,N21,VIIRS,high,2.0,328.22,2.29,N
-33.4608,146.1515,311.5,0.48,0.76,2025-09-13,0032,NPP,VIIRS,low,2.0,274.08,13.71,N
35.277,-120.8981,321.99,0.64,0.67,2025-09-13,2017,N20,VIIRS,low,2.0,281.22,1.31,N
39.5929,-117.2749,367.23,0.64,0.54,2025-04-01,1455,NPP,VIIRS,high,2.0,315.54,22.75,D
38.9374,-121.1788,354.39,0.79,0.69,2025-12-25,2014,N20,VIIRS,nominal,2.0,310.86,6.87,N
-6.4155,21.9419,338.67,0.58,0.78,2025-01-28,1733,N20,VIIRS,nominal,2.0,295.08,5.29,D
-10.744,-54.7201,377.93,0.58,0.74,2025-07-25,0528,N20,VIIRS,high,2.0,327.54,1.04,N
-32.5855,148.1387,366.51,0.75,0.8,2025-09-30,0541,N20,VIIRS,high,2.0,324.41,15.21,N
-5.6507,-59.3896,337.45,0.77,0.38,2025-04-17,1616,NPP,VIIRS,nominal,2.0,294.18,7.56,D
39.0407,-122.4049,370.93,0.75,0.68,2025-06-15,0633,N20,VIIRS,high,2.0,326.35,2.47,D
-9.2382,-57.9613,380.0,0.73,0.77,2025-04-08,0557,NPP,VIIRS,high,2.0,331.66,2.98,N
-32.9344,146.483,330.59,0.61,0.76,2025-10-14,1905,NPP,VIIRS,nominal,2.0,291.47,69.62,N
-7.8243,-55.4808,320.97,0.71,0.79,2025-04-22,2102,NPP,VIIRS,low,2.0,278.67,4.64,N
-6.7757,-57.078,325.18,0.5,0.46,2025-05-26,2249,NPP,VIIRS,low,2.0,290.87,9.28,N
38.1715,-121.7256,320.76,0.55,0.67,2025-12-14,0404,NPP,VIIRS,low,2.0,287.54,1.4,N
40.2244,-117.1402,305.86,0.43,0.49,2025-08-02,2134,N20,VIIRS,low,2.0,273.01,9.66,N
34.1809,-120.7934,338.85,0.63,0.37,2025-10-07,1521,N20,VIIRS,nominal,2.0,297.05,5.61,D
-35.4464,150.8493,380.0,0.36,0.55,2025-05-03,1705,N21,VIIRS,high,2.0,333.07,17.37,D
38.001,21.5571,380.0,0.79,0.61,2025-02-22,1039,N20,VIIRS,high,2.0,331.45,2.26,D
36.8565,-119.166,341.37,0.75,0.51,2025-01-31,0732,N20,VIIRS,nominal,2.0,295.08,8.81,D
-2.7082,17.3623,310.76,0.4,0.65,2025-10-03,1635,N20,VIIRS,low,2.0,276.98,1.95,D
-4.4861,20.0055,338.53,0.33,0.42,2025-05-29,0750,NPP,VIIRS,nominal,2.0,297.47,11.2,D
-33.8677,151.4443,314.62,0.36,0.51,2025-05-20,1329,NPP,VIIRS,low,2.0,278.96,3.29,D
34.461,-117.5465,321.4,0.6,0.71,2025-03-02,1021,NPP,VIIRS,low,2.0,278.58,4.57,D
-2.2656,18.8063,300.0,0.47,0.76,2025-08-28,0127,N20,VIIRS,low,2.0,258.26,5.01,N
40.1048,22.6375,306.05,0.41,0.4,2025-11-25,0237,NPP,VIIRS,low,2.0,274.07,2.32,N
-32.0018,144.6155,321.96,0.57,0.42,2025-04-23,0059,N20,VIIRS,low,2.0,287.63,7.18,N
37.8529,-119.9744,314.99,0.62,0.72,2025-11-26,1254,N21,VIIRS,low,2.0,278.6,7.26,D
-6.88,-50.1328,300.0,0.73,0.59,2025-02-03,1744,N20,VIIRS,low,2.0,268.56,8.87,D
40.7993,-117.7897,308.2,0.56,0.44,2025-01-20,0748,NPP,VIIRS,low,2.0,271.09,38.89,D
-5.6748,14.9435,335.64,0.55,0.75,2025-11-12,0255,NPP,VIIRS,nominal,2.0,291.9,4.21,N
-7.2867,-49.6648,380.0,0.66,0.62,2025-02-07,1247,NPP,VIIRS,high,2.0,336.82,10.97,D
-7.6931,18.9712,312.81,0.35,0.63,2025-12-20,0811,N20,VIIRS,low,2.0,274.06,5.52,D
38.1647,-123.7025,338.05,0.66,0.7,2025-05-03,1734,N20,VIIRS,nominal,2.0,296.67,12.85,D
-33.8333,147.8738,336.06,0.76,0.42,2025-03-03,0716,N20,VIIRS,nominal,2.0,289.75,7.42,D
38.5112,-117.3542,336.71,0.76,0.78,2025-01-07,0928,N20,VIIRS,nominal,2.0,294.68,11.99,D
-12.3947,-58.931,349.02,0.42,0.52,2025-10-31,0432,NPP,VIIRS,nominal,2.0,302.71,35.17,N
-4.5393,-56.6396,300.0,0.71,0.36,2025-10-17,2040,NPP,VIIRS,low,2.0,265.19,4.52,N
-7.0346,-50.7728,319.46,0.69,0.73,2025-02-07,2024,N20,VIIRS,low,2.0,281.25,3.85,N
38.8795,-117.1177,315.09,0.72,0.38,2025-11-21,0108,N20,VIIRS,low,2.0,282.64,3.98,N
-4.1806,-52.1945,302.08,0.75,0.74,2025-04-18,1432,NPP,VIIRS,low,2.0,262.54,7.02,D
-11.8827,-53.7815,357.67,0.72,0.62,2025-10-21,0420,NPP,VIIRS,nominal,2.0,316.05,3.93,N
-32.4181,146.986,380.0,0.42,0.44,2025-06-25,1153,NPP,VIIRS,high,2.0,335.51,6.28,D
-7.7972,-57.2835,313.93,0.6,0.6,2025-02-14,2303,N20,VIIRS,low,2.0,275.18,13.98,N
-32.0539,146.7089,300.0,0.52,0.68,2025-08-16,0359,N20,VIIRS,low,2.0,265.29,3.71,N
-5.7777,-55.2914,316.47,0.64,0.65,2025-04-19,0137,NPP,VIIRS,low,2.0,282.56,7.88,N
-6.9624,-57.295,333.33,0.44,0.62,2025-03-12,0040,NPP,VIIRS,nominal,2.0,292.23,2.26,N
-4.9765,21.52,323.19,0.71,0.39,2025-04-04,1744,N20,VIIRS,low,2.0,283.87,2.86,D
-37.6084,147.278,380.0,0.67,0.62,2025-01-08,0354,N21,VIIRS,high,2.0,334.62,21.58,N
37.7038,-118.0606,300.0,0.7,0.58,2025-06-10,1312,N20,VIIRS,low,2.0,262.06,1.9,D
-7.6558,-52.2111,312.97,0.7,0.5,2025-01-09,0941,N20,VIIRS,low,2.0,276.56,34.67,D
41.4146,23.4535,338.39,0.64,0.49,2025-08-06,0916,N20,VIIRS,nominal,2.0,298.55,4.7,D
40.4919,21.0038,315.76,0.64,0.62,2025-07-06,0753,NPP,VIIRS,low,2.0,275.19,2.82,D
-6.2895,-61.0261,328.78,0.41,0.6,2025-03-10,1747,N20,VIIRS,nominal,2.0,286.06,8.67,D
-5.5077,20.9184,330.39,0.59,0.37,2025-05-01,0748,NPP,VIIRS,nominal,2.0,301.83,18.73,D
-31.0124,150.7478,326.05,0.55,0.64,2025-02-06,2207,N20,VIIRS,low,2.0,285.8,5.24,N
-4.259,21.3917,380.0,0.64,0.55,2025-12-18,1658,N20,VIIRS,high,2.0,329.3,7.45,D
40.3711,-120.4531,331.17,0.38,0.37,2025-10-28,2058,N20,VIIRS,nominal,2.0,286.6,27.44,N
-35.1968,146.7618,340.86,0.44,0.55,2025-09-01,0413,N20,VIIRS,nominal,2.0,303.28,6.03,N
-35.3818,149.3575,341.98,0.49,0.78,2025-04-12,1701,N20,VIIRS,nominal,2.0,308.47,37.0,D
-5.721,-55.1901,307.14,0.79,0.53,2025-03-18,1618,NPP,VIIRS,low,2.0,268.38,13.25,D
-3.2374,20.748,343.66,0.56,0.62,2025-07-15,0806,NPP,VIIRS,nominal,2.0,301.21,9.51,D
39.5351,25.5474,318.09,0.37,0.51,2025-07-29,2147,N20,VIIRS,low,2.0,277.87,6.79,N
-31.6706,146.8942,315.67,0.52,0.66,2025-01-23,1414,NPP,VIIRS,low,2.0,280.33,11.92,D
-0.1593,17.0651,307.54,0.67,0.58,2025-03-22,1956,NPP,VIIRS,low,2.0,274.31,2.4,N
-3.0388,17.9048,337.58,0.39,0.54,2025-02-22,1057,N20,VIIRS,nominal,2.0,296.49,5.49,D
37.0226,-119.1928,330.91,0.41,0.41,2025-11-27,2226,N20,VIIRS,nominal,2.0,294.04,17.0,N
-33.8646,150.5454,378.24,0.33,0.51,2025-01-14,0232,N20,VIIRS,high,2.0,331.75,2.66,N
36.7032,-118.6288,310.25,0.66,0.67,2025-08-19,1352,NPP,VIIRS,low,2.0,275.54,20.16,D
-34.1636,145.6522,320.53,0.52,0.47,2025-03-12,1503,NPP,VIIRS,low,2.0,287.02,1.49,D
-13.4385,-56.1225,318.33,0.61,0.47,2025-04-24,0401,NPP,VIIRS,low,2.0,280.9,2.95,N
-33.77,148.766,313.93,0.52,0.55,2025-07-20,2213,N20,VIIRS,low,2.0,272.56,0.79,N
-8.9309,-50.8206,330.01,0.54,0.7,2025-10-21,2156,N20,VIIRS,nominal,2.0,301.72,,N
39.4246,20.6014,339.73,0.73,0.43,2025-08-22,0442,N20,VIIRS,nominal,2.0,295.53,10.59,N
-9.8621,-54.7473,348.13,0.46,0.53,2025-02-13,1330,NPP,VIIRS,nominal,2.0,308.11,1.06,D
-3.0279,16.2865,304.23,0.35,0.7,2025-05-23,1212,NPP,VIIRS,low,2.0,270.04,8.33,D
-5.6639,18.4681,310.88,0.38,0.55,2025-04-01,0927,NPP,VIIRS,low,2.0,275.68,4.43,D
-10.3011,-59.328,350.12,0.42,0.62,2025-03-21,1611,NPP,VIIRS,nominal,2.0,305.13,2.86,D
-8.8715,-61.4239,339.27,0.37,0.53,2025-07-05,0305,N20,VIIRS,nominal,2.0,294.88,1.16,N
38.5459,-117.5996,324.38,0.38,0.49,2025-01-28,1710,N20,VIIRS,low,2.0,293.1,9.31,D
43.0479,19.6154,306.04,0.55,0.67,2025-01-27,1537,N20,VIIRS,low,2.0,274.47,8.69,D
39.1879,-121.0201,380.0,0.35,0.62,2025-10-25,1335,NPP,VIIRS,high,2.0,334.72,0.93,D
-35.5203,146.7673,334.94,0.46,0.67,2025-02-10,0615,NPP,VIIRS,nominal,2.0,294.15,9.81,D
42.4719,18.5832,376.23,0.45,0.5,2025-07-31,0636,N20,VIIRS,high,2.0,330.07,42.38,D
-5.8841,18.6848,330.57,0.52,0.76,2025-07-22,2002,N21,VIIRS,nominal,2.0,286.94,7.21,N
-7.6507,-56.9652,319.8,0.74,0.45,2025-02-22,0845,N20,VIIRS,low,2.0,272.64,7.84,D
36.8852,-119.0688,300.0,0.54,0.42,2025-12-18,0819,N21,VIIRS,low,2.0,262.42,14.78,D
36.2526,-120.4059,326.93,0.42,0.37,2025-12-21,1438,NPP,VIIRS,nominal,2.0,285.63,22.19,D
38.0314,-121.2839,361.63,0.57,0.51,2025-07-08,1013,NPP,VIIRS,nominal,2.0,326.37,0.82,D
37.8529,-121.7311,335.87,0.34,0.49,2025-03-13,0258,NPP,VIIRS,nominal,2.0,294.61,4.61,N
-34.4377,149.49,310.67,0.39,0.48,2025-01-28,1235,NPP,VIIRS,low,2.0,281.93,3.8,D
39.2546,-121.4368,351.64,0.64,0.39,2025-06-24,0234,N20,VIIRS,nominal,2.0,301.74,13.72,N
-9.2448,-52.2698,307.37,0.43,0.67,2025-06-27,0458,NPP,VIIRS,low,2.0,278.12,4.71,N
-3.909,-58.546,301.84,0.71,0.39,2025-09-29,1754,N20,VIIRS,low,2.0,258.3,20.92,D
-1.5247,20.9114,338.0,0.62,0.49,2025-09-11,1751,NPP,VIIRS,nominal,2.0,294.24,3.51,D
-34.6937,150.4992,313.78,0.72,0.56,2025-12-23,1639,N20,VIIRS,low,2.0,280.05,8.55,D
38.1715,-120.5102,322.95,0.61,0.61,2025-10-21,2256,NPP,VIIRS,low,2.0,286.67,0.77,N
-3.9624,17.188,331.65,0.62,0.53,2025-01-25,1942,N20,VIIRS,nominal,2.0,292.46,9.19,N
36.4763,-121.0832,379.15,0.62,0.6,2025-02-25,2059,NPP,VIIRS,high,2.0,329.45,20.58,N
-4.3397,23.9282,346.33,0.43,0.39,2025-05-12,1853,N21,VIIRS,nominal,2.0,303.97,16.55,D
-3.5142,15.003,327.89,0.65,0.7,2025-04-16,0653,NPP,VIIRS,nominal,2.0,285.46,3.62,D
-6.3995,21.6774,311.94,0.63,0.36,2025-04-12,0343,N20,VIIRS,low,2.0,276.48,16.23,N
-9.4589,-56.7252,314.87,0.49,0.67,2025-05-05,1201,N20,VIIRS,low,2.0,277.08,12.32,D
-4.2581,17.956,313.14,0.69,0.53,2025-09-02,1947,NPP,VIIRS,low,2.0,281.89,1.43,N
41.0841,22.3304,355.96,0.8,0.47,2025-08-29,0938,NPP,VIIRS,nominal,2.0,309.84,6.85,D
37.6106,-120.4797,312.26,0.53,0.48,2025-03-10,1143,NPP,VIIRS,low,2.0,272.69,40.62,D
-5.1915,-54.5703,315.17,0.48,0.47,2025-02-05,1120,N21,VIIRS,low,2.0,288.38,7.64,D
-30.2787,145.3824,300.0,0.43,0.43,2025-08-20,1722,N20,VIIRS,low,2.0,262.34,12.72,D
-36.1672,148.826,315.58,0.45,0.77,2025-08-03,2356,NPP,VIIRS,low,2.0,278.19,5.47,N
-33.9939,147.6349,327.16,0.79,0.51,2025-01-25,1450,NPP,VIIRS,low,2.0,290.18,3.1,D
39.8978,-117.5355,303.86,0.41,0.5,2025-12-09,1539,N21,VIIRS,low,2.0,270.17,15.97,D
-30.8196,146.5038,380.0,0.6,0.54,2025-10-30,1506,NPP,VIIRS,high,2.0,326.68,6.01,D
39.9201,-120.787,352.72,0.53,0.42,2025-03-28,0414,N20,VIIRS,nominal,2.0,304.99,36.38,N
37.5702,-122.9382,300.0,0.45,0.51,2025-05-02,0506,N20,VIIRS,low,2.0,261.87,10.48,N
37.9218,-122.2483,315.77,0.44,0.77,2025-01-27,1919,N21,VIIRS,low,2.0,273.12,1.51,N
-30.6369,152.6873,311.33,0.47,0.4,2025-03-12,0716,NPP,VIIRS,low,2.0,272.19,1.84,D
40.1164,-120.2706,380.0,0.38,0.74,2025-09-24,0155,N21,VIIRS,high,2.0,331.91,35.24,N
-31.5632,147.6845,321.92,0.66,0.54,2025-02-01,1624,N20,VIIRS,low,2.0,292.4,2.87,D
-31.7351,147.0516,307.51,0.78,0.64,2025-02-06,1404,N20,VIIRS,low,2.0,277.87,8.57,D
37.6107,23.2831,380.0,0.69,0.46,2025-11-06,2037,N20,VIIRS,high,2.0,328.08,4.0,N
37.7896,-118.6783,327.23,0.55,0.66,2025-03-11,1650,N21,VIIRS,nominal,2.0,283.84,7.45,D
37.6959,-120.5719,380.0,0.75,0.47,2025-12-03,1920,N20,VIIRS,high,2.0,333.83,2.42,N
37.8607,-116.9922,332.69,0.68,0.76,2025-10-13,0157,N20,VIIRS,nominal,2.0,290.76,1.78,N
-8.7067,-50.3512,380.0,0.63,0.72,2025-08-09,2027,N20,VIIRS,high,2.0,328.98,7.62,N
36.2341,-120.5293,315.89,0.64,0.54,2025-06-25,2217,NPP,VIIRS,low,2.0,279.5,0.84,N
-7.9789,-55.7606,320.48,0.45,0.44,2025-09-30,0606,NPP,VIIRS,low,2.0,282.23,0.5,D
-5.5266,20.0911,380.0,0.5,0.65,2025-12-19,0147,N20,VIIRS,high,2.0,333.08,52.0,N
-3.3233,17.6178,319.75,0.62,0.39,2025-01-08,0322,N20,VIIRS,low,2.0,286.9,0.5,N
38.1757,21.6964,313.78,0.44,0.48,2025-07-07,2355,N21,VIIRS,low,2.0,279.01,5.34,N
-36.1418,150.7111,380.0,0.72,0.44,2025-03-07,0745,N20,VIIRS,high,2.0,321.33,,D
37.4643,-122.8703,354.4,0.77,0.51,2025-03-13,1828,N21,VIIRS,nominal,2.0,308.22,4.0,D
39.2186,22.0609,322.7,0.35,0.75,2025-10-10,0339,NPP,VIIRS,low,2.0,277.17,4.98,N
-28.8716,148.3162,331.87,0.68,0.5,2025-05-14,2151,N20,VIIRS,nominal,2.0,291.59,5.42,N
-4.7989,20.31,338.72,0.73,0.52,2025-03-31,1714,N20,VIIRS,nominal,2.0,295.48,4.39,D
39.0018,18.2934,310.03,0.51,0.36,2025-05-26,0614,N20,VIIRS,low,2.0,270.72,3.34,D
-8.932,-55.978,301.08,0.46,0.47,2025-03-03,0103,NPP,VIIRS,low,2.0,263.41,5.59,N
40.1055,20.9325,349.63,0.52,0.57,2025-09-28,1807,N21,VIIRS,nominal,2.0,299.89,8.86,D
-1.0981,24.3373,322.16,0.74,0.46,2025-04-22,1107,N20,VIIRS,low,2.0,281.87,4.28,D
-33.2263,145.4016,300.73,0.45,0.49,2025-12-25,1108,N20,VIIRS,low,2.0,261.1,2.09,D
39.6181,21.5093,300.0,0.46,0.44,2025-04-22,2140,NPP,VIIRS,low,2.0,270.68,9.36,N
-32.5011,148.7985,316.68,0.56,0.78,2025-11-17,1113,NPP,VIIRS,low,2.0,285.12,11.92,D
-3.3316,19.6274,352.08,0.52,0.77,2025-11-19,0505,NPP,VIIRS,nominal,2.0,309.69,7.76,N
-7.4504,-60.9453,316.27,0.67,0.75,2025-02-11,1802,N20,VIIRS,low,2.0,278.06,33.89,D
36.1137,-120.3515,348.0,0.49,0.55,2025-06-10,1201,N20,VIIRS,nominal,2.0,307.37,55.12,D
-5.5942,20.0982,380.0,0.4,0.76,2025-12-28,2037,N20,VIIRS,high,2.0,336.51,6.42,N
39.3796,-122.266,348.34,0.68,0.79,2025-12-16,1945,N20,VIIRS,nominal,2.0,308.18,3.14,N
-13.692,-48.4654,317.05,0.54,0.53,2025-11-02,0825,NPP,VIIRS,low,2.0,282.26,3.8,D
-10.2823,-52.773,310.27,0.46,0.56,2025-04-06,1843,N20,VIIRS,low,2.0,274.02,9.11,D
-11.9013,-63.021,313.78,0.64,0.64,2025-11-16,0350,N21,VIIRS,low,2.0,280.81,3.79,N
-9.7075,-56.2303,326.69,0.54,0.69,2025-09-20,2025,NPP,VIIRS,nominal,2.0,284.68,32.53,N
-32.0076,146.9294,329.87,0.53,0.38,2025-07-23,0255,NPP,VIIRS,nominal,2.0,297.33,11.44,N
38.5407,-120.9476,361.04,0.45,0.74,2025-07-21,1947,NPP,VIIRS,nominal,2.0,323.85,5.02,N
38.7972,-118.1758,309.32,0.41,0.6,2025-11-07,2122,NPP,VIIRS,low,2.0,273.74,2.27,N
-34.8808,146.8785,323.99,0.54,0.74,2025-04-05,2114,NPP,VIIRS,low,2.0,275.6,7.82,N
-34.2441,149.1655,327.64,0.41,0.56,2025-09-10,1834,N20,VIIRS,nominal,2.0,295.92,5.82,D
-5.0991,22.063,327.46,0.54,0.68,2025-02-11,1414,N20,VIIRS,nominal,2.0,284.64,27.05,D
-9.9569,-58.412,321.98,0.74,0.74,2025-09-16,0550,NPP,VIIRS,low,2.0,279.81,3.34,N
-2.0047,19.3117,380.0,0.44,0.5,2025-07-13,0216,NPP,VIIRS,high,2.0,333.47,10.46,N
-33.3894,147.8716,324.33,0.45,0.51,2025-03-03,1330,N20,VIIRS,low,2.0,289.17,4.41,D
-5.7102,-51.1009,340.09,0.7,0.45,2025-04-04,1514,NPP,VIIRS,nominal,2.0,293.24,10.75,D
38.7032,-118.7537,304.24,0.57,0.79,2025-08-11,1425,NPP,VIIRS,low,2.0,268.16,2.49,D
41.5006,21.3424,310.72,0.55,0.76,2025-12-28,0246,N20,VIIRS,nominal,2.0,278.89,67.04,N
38.601,19.2087,345.12,0.32,0.43,2025-02-26,1224,N20,VIIRS,nominal,2.0,307.34,13.21,D
-8.3085,-57.0854,365.99,0.45,0.48,2025-08-22,1240,N20,VIIRS,high,2.0,314.44,1.37,D
-2.986,19.8623,363.8,0.53,0.63,2025-09-26,1430,N20,VIIRS,high,2.0,315.13,5.49,D
-33.2226,148.5982,308.03,0.53,0.69,2025-07-23,1727,NPP,VIIRS,low,2.0,273.04,2.07,D
38.3557,-117.9538,335.72,0.46,0.43,2025-12-23,0955,NPP,VIIRS,nominal,2.0,296.92,26.76,D
35.2333,-116.8753,300.0,0.73,0.62,2025-09-12,1544,NPP,VIIRS,low,2.0,263.89,12.47,D
34.4423,-120.8289,319.73,0.36,0.39,2025-09-10,1103,N20,VIIRS,low,2.0,286.32,17.34,D
41.8827,-119.3073,300.0,0.61,0.6,2025-10-05,0604,NPP,VIIRS,low,2.0,269.02,62.1,D
-4.1187,-54.6661,301.67,0.4,0.43,2025-09-21,1512,NPP,VIIRS,low,2.0,272.88,7.49,D
37.6246,19.8626,308.76,0.73,0.47,2025-02-15,0013,N20,VIIRS,low,2.0,275.25,20.85,N
37.8998,-119.611,380.0,0.47,0.68,2025-10-05,0402,NPP,VIIRS,high,2.0,341.04,6.68,N
38.2081,20.8058,340.06,0.36,0.46,2025-10-27,0746,NPP,VIIRS,nominal,2.0,300.96,3.07,D
-2.8961,19.1742,380.0,0.55,0.45,2025-02-05,1216,N20,VIIRS,high,2.0,334.36,2.92,D
39.5597,19.5903,380.0,0.47,0.53,2025-11-04,1255,NPP,VIIRS,high,2.0,330.23,2.41,D
39.9398,25.394,380.0,0.38,0.79,2025-04-14,1743,N20,VIIRS,high,2.0,327.67,3.24,D
-4.6903,21.1742,336.62,0.71,0.58,2025-03-13,0346,NPP,VIIRS,nominal,2.0,294.94,13.2,N
-32.3444,149.905,324.57,0.52,0.67,2025-07-13,1238,N20,VIIRS,low,2.0,283.13,1.29,D
-6.3374,-51.4613,375.81,0.32,0.6,2025-11-12,2156,NPP,VIIRS,high,2.0,330.33,9.34,N
43.6966,19.533,313.58,0.73,0.67,2025-08-13,2205,N20,VIIRS,low,2.0,275.32,4.29,N
38.4958,-122.0377,300.0,0.35,0.48,2025-04-27,1501,NPP,VIIRS,low,2.0,262.1,14.58,D
-5.1601,20.5746,340.98,0.42,0.59,2025-02-26,0639,N20,VIIRS,nominal,2.0,305.79,24.84,D
-8.4726,-56.4867,329.69,0.41,0.54,2025-02-05,1748,N20,VIIRS,nominal,2.0,292.1,19.88,D
-1.7288,17.3449,323.91,0.73,0.68,2025-04-30,1215,NPP,VIIRS,low,2.0,292.24,1.13,D
36.7867,24.1641,321.41,0.53,0.69,2025-06-18,2250,N20,VIIRS,low,2.0,274.49,10.31,N
-8.9015,-59.1754,309.02,0.49,0.75,2025-05-25,1627,N20,VIIRS,low,2.0,271.15,11.55,D
0.404,19.1454,304.81,0.47,0.37,2025-08-08,2356,N21,VIIRS,low,2.0,275.21,23.59,N
-5.4704,23.9749,303.45,0.51,0.67,2025-10-13,1614,N20,VIIRS,low,2.0,266.41,1.95,D
-5.1414,-57.6195,319.75,0.51,0.62,2025-05-03,2223,NPP,VIIRS,low,2.0,284.01,7.16,N
38.0959,-119.5562,330.31,0.32,0.69,2025-10-09,1955,NPP,VIIRS,nominal,2.0,299.31,4.73,N
-7.7855,20.7476,346.28,0.76,0.41,2025-01-04,0353,N20,VIIRS,nominal,2.0,300.01,4.78,N
-12.3632,-52.5689,328.31,0.72,0.42,2025-07-14,1637,N20,VIIRS,nominal,2.0,284.18,1.54,D
-10.8877,-58.3345,347.95,0.66,0.42,2025-09-24,1555,N21,VIIRS,nominal,2.0,307.93,4.11,D
-34.3059,146.9004,301.29,0.36,0.49,2025-01-03,1508,N20,VIIRS,low,2.0,261.69,4.54,D
37.6458,20.5962,319.25,0.52,0.59,2025-12-03,1742,N20,VIIRS,low,2.0,274.57,0.89,D
-9.4447,-57.0263,300.0,0.78,0.46,2025-11-02,1833,NPP,VIIRS,low,2.0,266.7,4.53,D
-5.5452,-55.6094,300.0,0.58,0.47,2025-02-21,1246,N20,VIIRS,low,2.0,263.32,2.59,D
40.087,19.2429,309.7,0.76,0.73,2025-05-13,0440,N20,VIIRS,low,2.0,263.02,19.14,N
38.3417,24.7694,306.08,0.72,0.8,2025-10-02,1054,N20,VIIRS,low,2.0,268.93,9.02,D
-8.2789,-54.3129,317.93,0.73,0.58,2025-08-17,1717,N20,VIIRS,low,2.0,277.79,10.89,D
-33.4283,149.6743,312.22,0.72,0.59,2025-09-04,0112,N20,VIIRS,low,2.0,279.41,2.83,N
-28.0296,148.5296,380.0,0.66,0.73,2025-12-06,1509,NPP,VIIRS,high,2.0,331.67,,D
-10.7705,-60.6059,331.77,0.78,0.65,2025-08-03,0523,N20,VIIRS,nominal,2.0,293.57,41.08,N
40.2454,-118.8834,300.0,0.57,0.56,2025-10-17,0330,N20,VIIRS,low,2.0,266.49,20.26,N
-34.7747,149.5436,319.09,0.64,0.5,2025-11-23,0127,N20,VIIRS,low,2.0,282.74,1.9,N
38.4043,23.0496,314.85,0.36,0.73,2025-01-16,1415,N20,VIIRS,low,2.0,282.14,3.55,D
36.9527,-123.2792,380.0,0.55,0.51,2025-11-03,2017,N20,VIIRS,high,2.0,324.49,3.09,N
-33.7954,145.6319,318.82,0.67,0.37,2025-11-05,0128,NPP,VIIRS,low,2.0,279.58,9.6,N
-11.2949,-53.8753,315.37,0.35,0.69,2025-04-04,0813,NPP,VIIRS,low,2.0,279.28,6.21,D
39.4655,24.2988,340.41,0.62,0.45,2025-04-16,0151,N20,VIIRS,nominal,2.0,296.36,15.13,N
38.8837,-118.999,351.46,0.45,0.51,2025-01-05,1358,N21,VIIRS,nominal,2.0,313.51,4.32,D
-4.5948,19.4087,310.59,0.61,0.71,2025-01-08,0048,NPP,VIIRS,low,2.0,272.84,7.04,N
37.3385,-119.5836,380.0,0.34,0.73,2025-07-27,1625,N20,VIIRS,high,2.0,327.97,3.13,D
37.871,-121.3329,340.75,0.61,0.61,2025-06-23,0233,N20,VIIRS,nominal,2.0,299.63,9.5,N
39.4588,21.6467,323.27,0.55,0.79,2025-06-24,1248,NPP,VIIRS,low,2.0,292.32,15.45,D
41.0219,19.9688,347.33,0.56,0.64,2025-08-16,0214,N20,VIIRS,nominal,2.0,312.82,2.99,N
40.1889,-119.7986,339.22,0.71,0.38,2025-06-08,0012,N20,VIIRS,nominal,2.0,298.57,2.82,N
38.4359,-119.3321,380.0,0.8,0.61,2025-01-14,2348,N20,VIIRS,high,2.0,332.1,10.51,N
-10.4965,-52.7638,344.93,0.68,0.43,2025-06-17,0946,NPP,VIIRS,nominal,2.0,306.88,9.69,D
36.9325,-121.1728,335.5,0.72,0.36,2025-10-23,0944,NPP,VIIRS,nominal,2.0,301.32,1.36,D
-7.9692,-53.4646,319.09,0.72,0.63,2025-02-21,1346,NPP,VIIRS,low,2.0,282.48,11.46,D
-8.3536,-51.9154,345.29,0.8,0.41,2025-02-14,0117,NPP,VIIRS,nominal,2.0,300.83,2.32,N
-3.505,19.9768,380.0,0.35,0.7,2025-10-27,1537,N20,VIIRS,high,2.0,325.2,4.21,D
38.8168,22.3546,310.63,0.62,0.54,2025-01-28,2122,N20,VIIRS,low,2.0,273.16,10.42,N
-3.8762,17.7739,380.0,0.71,0.41,2025-01-08,0053,NPP,VIIRS,high,2.0,331.04,22.48,N
-34.7907,150.1257,324.0,0.72,0.6,2025-05-14,0640,NPP,VIIRS,low,2.0,288.31,3.7,D
37.353,18.7536,310.31,0.55,0.65,2025-10-16,2204,NPP,VIIRS,low,2.0,274.68,24.38,N
-30.9054,150.3392,306.63,0.8,0.64,2025-06-17,1500,N21,VIIRS,low,2.0,271.93,2.42,D
-3.1916,21.7181,310.75,0.69,0.77,2025-05-12,2214,N20,VIIRS,low,2.0,276.06,18.05,N
-27.716,149.1962,342.94,0.69,0.58,2025-04-26,0349,N20,VIIRS,nominal,2.0,299.89,8.48,N
38.8216,20.0681,377.03,0.47,0.58,2025-12-30,1331,N21,VIIRS,high,2.0,323.38,22.14,D
36.4394,-117.9144,354.36,0.78,0.36,2025-08-25,0500,N20,VIIRS,high,2.0,305.76,76.0,N
37.9362,-122.2468,361.1,0.44,0.39,2025-12-01,1434,NPP,VIIRS,nominal,2.0,312.53,3.7,D
-4.892,-53.2585,315.93,0.77,0.75,2025-11-09,0058,NPP,VIIRS,low,2.0,279.85,4.09,N
-33.0856,148.116,302.01,0.7,0.42,2025-12-24,0235,N20,VIIRS,low,2.0,265.62,53.84,N
-11.5491,-49.6487,352.3,0.8,0.6,2025-06-10,2055,NPP,VIIRS,nominal,2.0,315.07,2.07,N
-30.5455,145.5797,328.86,0.76,0.38,2025-09-17,0324,N20,VIIRS,nominal,2.0,284.72,,N
-32.3049,148.1734,302.81,0.78,0.67,2025-09-11,1516,NPP,VIIRS,low,2.0,265.92,3.91,D
-3.2472,17.8351,309.18,0.65,0.58,2025-11-08,2104,NPP,VIIRS,low,2.0,271.76,10.17,N
-4.6705,16.7814,300.0,0.76,0.72,2025-01-01,0559,N20,VIIRS,low,2.0,260.89,10.16,N
-31.8099,146.8852,346.18,0.48,0.39,2025-02-24,0134,N20,VIIRS,nominal,2.0,297.03,13.52,N
-12.7282,-52.1437,300.81,0.5,0.44,2025-03-04,2355,NPP,VIIRS,low,2.0,260.08,2.06,N
-8.909,-48.3355,331.0,0.66,0.62,2025-08-13,1124,NPP,VIIRS,nominal,2.0,288.31,2.53,D
-30.9462,149.1992,380.0,0.71,0.67,2025-02-17,1509,NPP,VIIRS,high,2.0,326.8,3.21,D
37.6715,-118.2103,344.16,0.44,0.49,2025-05-13,0837,N20,VIIRS,nominal,2.0,300.13,10.54,D
38.5165,15.7525,335.68,0.62,0.48,2025-06-25,2236,NPP,VIIRS,nominal,2.0,293.82,19.02,N
-4.5558,-56.1114,320.4,0.55,0.4,2025-03-28,0656,NPP,VIIRS,low,2.0,285.42,15.42,D
-36.0622,149.0285,380.0,0.45,0.37,2025-02-27,1635,N20,VIIRS,high,2.0,332.93,9.06,D
39.4071,-121.7238,312.87,0.5,0.65,2025-09-11,2043,NPP,VIIRS,low,2.0,283.85,3.66,N
-5.4579,19.5464,380.0,0.4,0.45,2025-09-29,0102,N20,VIIRS,high,2.0,325.62,32.66,N
-11.6241,-55.7057,351.56,0.57,0.79,2025-08-19,2050,N20,VIIRS,nominal,2.0,305.6,11.57,N
37.7625,26.557,328.04,0.56,0.65,2025-09-09,1942,N20,VIIRS,nominal,2.0,290.24,1.22,N
38.6225,21.0235,306.0,0.7,0.79,2025-12-28,1510,NPP,VIIRS,low,2.0,275.55,9.57,D
-9.4109,-54.262,304.3,0.78,0.78,2025-03-28,0435,N20,VIIRS,low,2.0,273.34,5.34,N
-6.1031,-53.9118,326.54,0.78,0.51,2025-03-03,1342,NPP,VIIRS,nominal,2.0,290.39,44.53,D
37.3419,21.5117,306.91,0.67,0.68,2025-01-20,1037,N20,VIIRS,low,2.0,273.18,3.52,D
-35.8617,147.0469,328.46,0.52,0.4,2025-03-19,1239,NPP,VIIRS,nominal,2.0,294.25,14.48,D
-32.9937,150.46,300.0,0.73,0.37,2025-06-28,2040,N20,VIIRS,low,2.0,263.79,2.23,N
37.2283,-118.2416,329.67,0.54,0.38,2025-08-31,1442,N20,VIIRS,nominal,2.0,288.54,5.14,D
39.2803,29.1646,380.0,0.37,0.64,2025-01-20,2048,NPP,VIIRS,high,2.0,327.08,1.38,N
-4.2139,24.6614,375.32,0.34,0.65,2025-02-16,0323,N20,VIIRS,high,2.0,332.71,17.03,N
-3.813,-52.2485,309.93,0.33,0.75,2025-03-04,0316,N21,VIIRS,low,2.0,270.59,10.79,N
-29.8389,145.9698,319.95,0.65,0.5,2025-12-26,0809,N20,VIIRS,low,2.0,275.84,1.53,D
39.4017,-117.6437,347.34,0.59,0.58,2025-11-03,1729,N20,VIIRS,nominal,2.0,300.91,13.31,D
-34.0531,146.9528,322.02,0.52,0.68,2025-11-07,0013,N20,VIIRS,low,2.0,281.1,1.76,N
-5.7586,20.8366,351.1,0.65,0.68,2025-05-22,0534,N20,VIIRS,nominal,2.0,301.76,31.81,N
-34.2095,143.5889,315.65,0.41,0.63,2025-07-11,0249,N20,VIIRS,low,2.0,273.14,5.52,N
-31.9536,145.5594,342.61,0.54,0.51,2025-07-28,1720,N20,VIIRS,nominal,2.0,301.01,,D
-5.8155,-55.5873,309.4,0.48,0.63,2025-10-14,1004,N20,VIIRS,low,2.0,273.06,1.78,D
-33.2475,148.9156,301.91,0.44,0.48,2025-09-26,1558,NPP,VIIRS,low,2.0,263.62,5.39,D
-3.6192,21.0781,359.74,0.66,0.57,2025-11-21,0159,NPP,VIIRS,nominal,2.0,317.58,4.55,N
39.3955,-120.5041,380.0,0.58,0.67,2025-04-15,2323,NPP,VIIRS,high,2.0,332.69,3.48,N
-33.4617,150.9065,313.69,0.55,0.43,2025-02-20,1158,N20,VIIRS,low,2.0,280.84,6.3,D
-4.1235,21.1507,300.17,0.49,0.78,2025-06-15,1715,N21,VIIRS,low,2.0,265.24,29.26,D
-4.5652,-55.8321,380.0,0.79,0.67,2025-03-14,0201,N21,VIIRS,high,2.0,336.54,1.45,N
40.3631,-121.8684,309.14,0.32,0.73,2025-04-05,0311,NPP,VIIRS,low,2.0,272.44,12.33,N
40.1853,20.7683,361.11,0.56,0.4,2025-01-09,0658,N21,VIIRS,nominal,2.0,312.75,3.76,D
37.352,22.1106,316.88,0.47,0.4,2025-10-07,1841,N20,VIIRS,low,2.0,281.73,12.69,D
-7.5577,-56.3441,310.94,0.72,0.61,2025-04-14,0256,N20,VIIRS,low,2.0,272.87,3.66,N
36.2087,-120.6296,341.57,0.4,0.69,2025-07-10,1649,NPP,VIIRS,nominal,2.0,303.44,13.32,D
37.9105,-119.4593,380.0,0.64,0.78,2025-05-21,1748,NPP,VIIRS,high,2.0,334.05,92.77,D
-34.0296,148.4871,304.34,0.48,0.69,2025-04-28,1817,N20,VIIRS,low,2.0,270.54,38.52,D
-11.1035,-53.1684,303.96,0.77,0.68,2025-08-28,1318,NPP,VIIRS,low,2.0,273.01,12.76,D
-3.8039,23.1101,314.07,0.51,0.36,2025-01-24,1004,N20,VIIRS,low,2.0,275.24,11.17,D
37.629,19.2975,380.0,0.45,0.6,2025-01-13,1123,N21,VIIRS,high,2.0,319.77,53.69,D
-6.9518,-53.7063,327.82,0.47,0.39,2025-07-07,0358,N20,VIIRS,nominal,2.0,293.89,3.35,N
36.1486,-122.133,351.95,0.55,0.66,2025-10-12,0323,NPP,VIIRS,nominal,2.0,308.5,3.8,N
39.4287,-117.0726,380.0,0.62,0.48,2025-11-16,1756,NPP,VIIRS,high,2.0,335.69,0.5,D
-3.5788,18.8277,308.75,0.4,0.65,2025-03-13,2238,N20,VIIRS,low,2.0,274.91,4.15,N
37.2253,-121.546,310.61,0.35,0.75,2025-09-02,0005,NPP,VIIRS,low,2.0,273.29,2.78,N
-6.6643,-59.2735,302.59,0.49,0.47,2025-12-17,0336,N20,VIIRS,low,2.0,267.36,10.82,N
-4.2788,21.7752,306.52,0.59,0.46,2025-04-20,0755,N20,VIIRS,low,2.0,267.49,1.24,D
38.9127,-120.5303,324.1,0.35,0.69,2025-01-15,1637,NPP,VIIRS,low,2.0,279.24,3.01,D
-33.3171,146.164,334.75,0.54,0.48,2025-12-12,0859,N20,VIIRS,nominal,2.0,294.98,6.94,D
-6.789,-52.9951,333.01,0.58,0.76,2025-10-01,1518,N20,VIIRS,nominal,2.0,293.44,3.59,D
42.55,21.6183,335.45,0.56,0.38,2025-06-01,1842,N20,VIIRS,nominal,2.0,295.06,3.94,D
-10.2476,-57.1369,300.0,0.45,0.39,2025-09-18,0636,NPP,VIIRS,low,2.0,269.1,9.36,D
-34.195,150.8447,361.75,0.37,0.71,2025-12-15,1632,NPP,VIIRS,high,2.0,314.48,25.55,D
-33.0672,148.9095,380.0,0.34,0.58,2025-10-30,1821,NPP,VIIRS,high,2.0,339.36,8.03,D
-31.4043,144.2813,312.46,0.6,0.47,2025-10-02,2007,NPP,VIIRS,low,2.0,280.16,0.81,N
40.048,23.9459,346.71,0.71,0.73,2025-06-12,2100,NPP,VIIRS,nominal,2.0,301.43,8.75,N
40.3517,-120.9956,315.57,0.58,0.39,2025-06-17,0940,NPP,VIIRS,low,2.0,279.66,5.14,D
-9.9931,-53.328,315.87,0.71,0.54,2025-12-20,1756,N20,VIIRS,low,2.0,281.11,9.9,D
36.9132,-124.6628,380.0,0.53,0.62,2025-12-22,2200,N20,VIIRS,high,2.0,327.72,25.28,N
39.7863,23.3674,380.0,0.79,0.46,2025-02-25,0256,N21,VIIRS,high,2.0,331.49,1.02,N
35.7025,-122.1053,301.39,0.69,0.63,2025-09-21,1901,N21,VIIRS,low,2.0,265.69,2.84,N
36.5134,-121.8144,380.0,0.7,0.6,2025-10-09,0258,NPP,VIIRS,high,2.0,333.98,7.04,N
39.3614,-120.2198,319.14,0.74,0.56,2025-11-11,1434,NPP,VIIRS,low,2.0,280.38,10.93,D
40.0728,19.4275,331.0,0.75,0.6,2025-08-05,2111,NPP,VIIRS,nominal,2.0,291.89,7.53,N
-6.5387,24.086,302.26,0.52,0.52,2025-09-13,0402,N20,VIIRS,low,2.0,261.29,4.67,N
-5.44,17.7822,380.0,0.5,0.56,2025-06-03,0215,NPP,VIIRS,high,2.0,330.58,2.69,N
-30.6803,146.9881,364.97,0.8,0.36,2025-10-07,0633,N20,VIIRS,high,2.0,321.7,3.87,D
-32.4749,148.3872,326.57,0.57,0.76,2025-07-22,1345,NPP,VIIRS,nominal,2.0,286.91,18.02,D
39.4226,-121.7948,321.2,0.4,0.71,2025-02-14,0653,NPP,VIIRS,low,2.0,292.26,3.89,D
35.9012,20.1727,334.78,0.67,0.65,2025-11-23,0518,NPP,VIIRS,nominal,2.0,296.34,5.52,N
-1.8697,23.4863,330.68,0.42,0.74,2025-08-30,1131,NPP,VIIRS,nominal,2.0,290.74,8.7,D
-3.0395,17.4677,341.92,0.73,0.45,2025-03-25,0351,NPP,VIIRS,nominal,2.0,301.63,2.6,N
35.9993,-119.0328,380.0,0.78,0.53,2025-09-07,0732,N20,VIIRS,high,2.0,335.58,21.88,D
-32.2108,147.1485,323.31,0.41,0.65,2025-09-06,1211,N20,VIIRS,low,2.0,289.53,6.17,D
-9.6981,-56.7241,326.11,0.77,0.57,2025-05-16,1523,N20,VIIRS,nominal,2.0,291.37,8.26,D
-7.0343,21.8014,310.78,0.79,0.75,2025-02-11,1103,N20,VIIRS,low,2.0,281.55,3.1,D
40.0737,-121.7715,320.82,0.45,0.64,2025-03-23,2258,NPP,VIIRS,low,2.0,278.21,2.31,N
37.3889,22.1148,307.31,0.4,0.5,2025-10-08,1407,NPP,VIIRS,low,2.0,270.68,6.25,D
40.4626,-117.4842,322.39,0.56,0.79,2025-05-23,2254,NPP,VIIRS,low,2.0,287.59,17.64,N
37.7694,19.7442,345.07,0.71,0.44,2025-08-21,1006,NPP,VIIRS,nominal,2.0,305.62,6.34,D
-5.7726,-60.6655,347.79,0.35,0.68,2025-12-05,0506,N21,VIIRS,nominal,2.0,306.71,10.74,N
-35.0771,144.7374,349.53,0.75,0.71,2025-02-07,1804,NPP,VIIRS,nominal,2.0,307.84,4.46,D
-8.4209,-53.4272,303.84,0.59,0.45,2025-10-11,1630,NPP,VIIRS,low,2.0,266.92,7.36,D
37.7856,19.651,319.18,0.36,0.53,2025-01-21,0953,N20,VIIRS,low,2.0,289.76,7.9,D
-32.9322,145.6192,326.97,0.64,0.78,2025-10-17,0508,N20,VIIRS,nominal,2.0,292.11,4.69,N
-7.4759,-50.8756,380.0,0.47,0.77,2025-08-10,0124,N21,VIIRS,high,2.0,330.0,22.84,N
37.1088,24.3903,322.59,0.54,0.73,2025-10-07,0946,NPP,VIIRS,nominal,2.0,283.23,36.29,D
-6.8855,-56.7618,380.0,0.33,0.75,2025-07-27,1704,NPP,VIIRS,high,2.0,326.19,15.78,D
-31.898,146.533,350.75,0.54,0.49,2025-03-20,1311,N20,VIIRS,nominal,2.0,298.55,21.78,D
34.742,-119.924,341.12,0.46,0.7,2025-10-06,2222,NPP,VIIRS,nominal,2.0,294.53,1.21,N
-32.3299,148.6323,317.37,0.33,0.69,2025-10-04,1928,N20,VIIRS,low,2.0,280.13,6.28,N
37.5512,-122.2446,350.6,0.52,0.73,2025-12-08,2036,NPP,VIIRS,nominal,2.0,307.69,10.12,N
-3.544,-56.5417,316.68,0.38,0.59,2025-12-03,0428,NPP,VIIRS,low,2.0,275.39,8.24,N
-11.2334,-57.8762,300.0,0.54,0.52,2025-07-10,1358,N21,VIIRS,low,2.0,262.45,1.52,D
39.4759,22.3348,349.48,0.44,0.76,2025-04-05,0600,N20,VIIRS,nominal,2.0,305.43,11.15,D
-34.622,145.7719,309.19,0.73,0.53,2025-02-28,1048,NPP,VIIRS,low,2.0,272.76,3.86,D
-6.093,-51.8844,329.33,0.76,0.64,2025-03-07,0806,N20,VIIRS,nominal,2.0,299.01,18.65,D
39.4426,24.8692,314.02,0.7,0.52,2025-08-12,1943,NPP,VIIRS,low,2.0,279.27,27.31,N
-8.5416,-50.5551,344.72,0.72,0.59,2025-12-14,1002,N20,VIIRS,nominal,2.0,304.9,10.5,D
36.0584,24.1555,380.0,0.49,0.41,2025-12-23,1100,N20,VIIRS,high,2.0,330.89,6.42,D
-1.2944,18.8802,378.11,0.35,0.49,2025-07-29,1210,NPP,VIIRS,high,2.0,338.59,2.21,D
-32.5196,150.5063,305.17,0.55,0.73,2025-10-31,1940,N21,VIIRS,low,2.0,268.97,2.02,N
38.7487,-121.8724,327.79,0.56,0.39,2025-10-05,1357,N20,VIIRS,nominal,2.0,282.98,16.74,D
-6.5845,21.6553,360.29,0.72,0.58,2025-11-11,2024,N20,VIIRS,nominal,2.0,311.42,7.59,N
-33.1096,146.1552,380.0,0.49,0.55,2025-11-29,0653,N20,VIIRS,high,2.0,327.5,0.95,D
-8.1942,-65.1454,307.46,0.52,0.53,2025-07-29,0308,NPP,VIIRS,low,2.0,279.25,21.35,N
39.6119,-122.0079,354.36,0.52,0.4,2025-01-10,0319,NPP,VIIRS,nominal,2.0,308.17,1.13,N
39.3435,-122.172,380.0,0.45,0.72,2025-09-14,0847,NPP,VIIRS,high,2.0,328.71,1.69,D
-31.8055,146.1033,321.61,0.4,0.36,2025-10-30,1743,NPP,VIIRS,low,2.0,281.32,2.86,D
-7.0822,-59.1989,311.72,0.35,0.41,2025-10-10,0720,N21,VIIRS,low,2.0,275.47,2.61,D
36.0088,-119.2803,380.0,0.8,0.79,2025-04-08,0351,N20,VIIRS,high,2.0,330.77,25.44,N
-6.9923,17.7963,371.09,0.66,0.55,2025-10-29,0105,N20,VIIRS,high,2.0,324.98,70.84,N
40.7003,21.0985,312.2,0.54,0.67,2025-12-10,0625,N20,VIIRS,low,2.0,272.63,6.96,D
-34.5923,146.0999,307.33,0.68,0.48,2025-06-13,0834,N20,VIIRS,low,2.0,271.99,4.45,D
-8.1137,-60.063,323.18,0.53,0.66,2025-02-19,1236,N20,VIIRS,low,2.0,290.77,3.35,D
-34.8518,147.7727,353.3,0.63,0.54,2025-10-26,1720,N20,VIIRS,nominal,2.0,313.38,6.53,D
-10.0284,-53.2292,315.43,0.44,0.39,2025-12-22,1904,NPP,VIIRS,low,2.0,278.31,2.4,N
-3.4587,-57.8279,313.87,0.62,0.51,2025-11-03,1458,N20,VIIRS,low,2.0,282.14,15.86,D
-5.4999,-53.1327,311.24,0.39,0.51,2025-10-03,1856,NPP,VIIRS,low,2.0,270.74,4.42,D
38.256,-119.1971,300.0,0.41,0.47,2025-12-29,1015,N20,VIIRS,low,2.0,266.04,33.48,D
-8.6349,-53.8296,367.83,0.71,0.37,2025-10-09,0629,N20,VIIRS,high,2.0,327.73,35.63,D
36.4533,-121.2737,324.59,0.62,0.56,2025-06-24,2340,NPP,VIIRS,nominal,2.0,289.77,17.25,N
-34.1284,145.0119,380.0,0.75,0.73,2025-11-04,1445,NPP,VIIRS,high,2.0,333.34,36.2,D
-9.2399,-58.2744,320.44,0.39,0.48,2025-09-19,0629,NPP,VIIRS,low,2.0,282.72,10.15,D
35.9351,-120.2292,328.24,0.46,0.67,2025-05-07,1338,NPP,VIIRS,nominal,2.0,286.34,3.47,D
-11.1611,-52.5167,380.0,0.57,0.73,2025-09-23,1807,NPP,VIIRS,high,2.0,335.76,23.71,D
36.7773,-118.5981,303.27,0.47,0.73,2025-08-17,1546,N20,VIIRS,low,2.0,268.16,15.41,D
-9.2637,-59.2315,353.87,0.36,0.67,2025-07-05,2115,N20,VIIRS,nominal,2.0,307.13,1.17,N
37.4991,-120.0011,302.58,0.44,0.39,2025-06-15,0622,NPP,VIIRS,low,2.0,266.75,23.44,D
-2.5462,-52.1551,380.0,0.76,0.41,2025-09-14,1633,NPP,VIIRS,high,2.0,335.14,27.54,D
36.4969,-118.2092,312.58,0.34,0.48,2025-03-18,2230,N21,VIIRS,nominal,2.0,276.3,58.27,N
-9.1788,-55.9116,302.3,0.63,0.58,2025-06-16,2335,NPP,VIIRS,low,2.0,266.3,20.27,N
-4.9931,17.2316,314.31,0.73,0.63,2025-07-13,1939,N21,VIIRS,low,2.0,271.81,3.03,N
37.7517,25.1934,344.34,0.44,0.74,2025-05-13,0257,NPP,VIIRS,nominal,2.0,297.55,9.92,N
-15.0307,-48.4305,343.61,0.35,0.55,2025-10-25,1819,N20,VIIRS,nominal,2.0,303.24,5.09,D
39.4915,-120.3785,318.36,0.76,0.59,2025-11-14,1526,N20,VIIRS,low,2.0,280.53,4.17,D
-11.5159,-57.1391,327.18,0.38,0.57,2025-01-13,2053,N20,VIIRS,nominal,2.0,283.95,5.62,N
37.4072,-122.2489,355.33,0.53,0.78,2025-09-12,2055,N21,VIIRS,nominal,2.0,306.76,2.51,N
41.0404,-118.3631,373.24,0.35,0.44,2025-02-15,2208,N20,VIIRS,high,2.0,326.97,1.38,N
36.3778,-119.8629,317.94,0.63,0.8,2025-12-22,1036,NPP,VIIRS,low,2.0,284.41,4.43,D
-8.9598,-54.1383,333.62,0.7,0.76,2025-10-23,2204,NPP,VIIRS,nominal,2.0,297.0,70.96,N
37.0296,-119.2706,338.94,0.77,0.44,2025-08-05,1855,N20,VIIRS,nominal,2.0,294.2,4.54,D
-3.6077,17.8302,326.66,0.76,0.64,2025-06-29,0937,NPP,VIIRS,low,2.0,290.8,3.56,D
-34.7621,146.5756,300.0,0.49,0.67,2025-08-25,1821,N20,VIIRS,low,2.0,263.72,6.96,D
41.3181,21.2438,311.67,0.51,0.62,2025-01-25,2012,NPP,VIIRS,low,2.0,281.38,1.48,N
-34.0934,147.4567,305.06,0.76,0.47,2025-03-05,0659,NPP,VIIRS,low,2.0,268.98,8.69,D
-12.5825,-50.7814,380.0,0.52,0.59,2025-02-06,2318,N20,VIIRS,high,2.0,324.91,14.28,N
-7.9099,-51.5062,302.73,0.48,0.74,2025-12-23,1517,NPP,VIIRS,low,2.0,276.02,14.48,D
38.8425,-120.7639,335.98,0.56,0.4,2025-11-02,1332,N20,VIIRS,nominal,2.0,295.72,21.98,D
-6.9477,-54.9372,300.0,0.5,0.67,2025-11-07,1403,N21,VIIRS,low,2.0,267.59,4.59,D
-33.4729,147.7608,359.64,0.56,0.42,2025-10-26,2020,NPP,VIIRS,high,2.0,315.96,18.4,N
-35.513,149.6264,315.46,0.57,0.78,2025-09-05,1104,N20,VIIRS,low,2.0,275.9,1.72,D
-37.1556,147.3594,323.57,0.54,0.79,2025-05-26,0258,N20,VIIRS,nominal,2.0,280.55,23.19,N
37.6528,-120.4936,303.51,0.64,0.73,2025-05-29,2144,N21,VIIRS,low,2.0,267.58,7.49,N
36.1546,-118.1803,303.33,0.35,0.62,2025-10-05,0034,NPP,VIIRS,low,2.0,271.0,0.5,N
37.7632,19.9103,342.54,0.73,0.58,2025-12-17,0212,N20,VIIRS,nominal,2.0,298.02,7.36,N
-8.0755,-57.715,317.17,0.43,0.51,2025-01-17,0456,N20,VIIRS,low,2.0,278.23,3.1,N
37.3341,-121.8081,331.15,0.7,0.38,2025-04-17,2232,N20,VIIRS,nominal,2.0,292.87,11.34,N
39.2514,-121.2654,337.48,0.61,0.65,2025-02-18,2202,N20,VIIRS,nominal,2.0,300.71,8.65,N
-6.5024,16.322,334.16,0.55,0.74,2025-08-01,0126,NPP,VIIRS,nominal,2.0,297.38,2.28,N
-8.0991,-59.7184,346.69,0.38,0.69,2025-11-08,1546,N20,VIIRS,nominal,2.0,301.56,14.28,D
37.138,-120.4079,327.87,0.45,0.56,2025-07-23,0657,N20,VIIRS,nominal,2.0,293.09,99.23,D
-1.3592,17.9014,329.9,0.71,0.55,2025-07-05,0310,N20,VIIRS,nominal,2.0,291.49,6.84,N
37.5207,18.1658,367.98,0.41,0.65,2025-04-14,0234,NPP,VIIRS,high,2.0,320.62,8.32,N
-33.1517,144.6307,359.96,0.72,0.72,2025-05-10,2117,NPP,VIIRS,nominal,2.0,317.66,2.49,N
38.6323,19.9566,306.13,0.68,0.52,2025-11-13,1917,NPP,VIIRS,low,2.0,270.88,6.22,N
-7.2913,-57.4848,301.1,0.61,0.41,2025-11-30,0507,NPP,VIIRS,low,2.0,270.47,4.71,N
34.4862,-120.2594,317.45,0.53,0.52,2025-09-12,2155,NPP,VIIRS,low,2.0,279.87,17.34,N
-8.3172,-54.7687,316.39,0.79,0.64,2025-03-29,2051,NPP,VIIRS,low,2.0,276.82,5.56,N
-8.3914,-57.3837,368.96,0.58,0.53,2025-05-25,1530,NPP,VIIRS,high,2.0,325.84,9.59,D
39.1173,24.325,303.11,0.59,0.64,2025-12-10,1001,N20,VIIRS,low,2.0,264.15,7.2,D
-10.364,-54.3642,319.74,0.34,0.46,2025-05-13,1322,NPP,VIIRS,low,2.0,284.36,3.29,D
38.5523,19.6851,325.73,0.79,0.49,2025-12-13,0113,NPP,VIIRS,low,2.0,286.67,1.46,N
38.0789,-118.7699,315.71,0.48,0.54,2025-03-08,1102,NPP,VIIRS,low,2.0,283.02,8.43,D
41.3996,-117.8699,307.65,0.72,0.37,2025-07-10,0518,NPP,VIIRS,low,2.0,270.86,17.44,N
-34.4988,148.6755,301.26,0.68,0.43,2025-12-29,1718,N20,VIIRS,low,2.0,265.31,1.31,D
38.2532,18.4408,380.0,0.58,0.63,2025-10-22,1433,NPP,VIIRS,high,2.0,333.28,45.15,D
-33.6944,149.5416,347.96,0.65,0.5,2025-09-15,2041,N20,VIIRS,nominal,2.0,313.8,10.44,N
-33.2302,147.3082,307.99,0.61,0.64,2025-08-28,0619,NPP,VIIRS,low,2.0,266.64,1.15,D
-8.5715,-54.8528,339.34,0.48,0.49,2025-09-12,1159,N21,VIIRS,nominal,2.0,306.65,12.01,D
-8.4462,-60.1181,313.05,0.5,0.72,2025-03-19,0027,N20,VIIRS,low,2.0,280.94,24.37,N
-37.4396,145.2006,314.32,0.64,0.36,2025-11-06,0835,NPP,VIIRS,low,2.0,274.99,13.45,D
37.8452,22.4244,304.14,0.42,0.69,2025-06-28,1156,NPP,VIIRS,low,2.0,263.88,32.02,D
41.2663,23.8558,374.28,0.49,0.79,2025-11-16,0152,N20,VIIRS,high,2.0,322.36,6.14,N
-36.5623,143.5391,341.79,0.57,0.59,2025-07-05,0213,N21,VIIRS,nominal,2.0,305.95,2.68,N
-31.2831,147.5308,303.12,0.75,0.52,2025-05-18,2257,N20,VIIRS,low,2.0,273.36,1.61,N
37.1149,-120.4063,306.3,0.47,0.44,2025-01-15,1923,NPP,VIIRS,low,2.0,260.69,11.2,N
-6.331,-58.6512,337.27,0.75,0.45,2025-07-06,1307,N20,VIIRS,nominal,2.0,301.06,10.43,D
-3.3599,-54.1784,315.78,0.67,0.51,2025-05-28,1826,NPP,VIIRS,low,2.0,274.47,15.97,D
37.803,-119.0359,317.51,0.64,0.37,2025-04-17,0900,N20,VIIRS,low,2.0,282.17,3.38,D
-10.1786,-50.1383,380.0,0.47,0.45,2025-05-21,1319,N20,VIIRS,high,2.0,335.96,8.27,D
-11.6757,-51.3191,328.87,0.47,0.57,2025-06-28,0627,N20,VIIRS,nominal,2.0,288.04,5.69,D
39.2929,-121.3569,316.7,0.71,0.4,2025-02-26,0233,N21,VIIRS,low,2.0,283.01,25.44,N
-1.8054,16.2424,380.0,0.8,0.61,2025-02-08,1155,N20,VIIRS,high,2.0,328.78,9.77,D
-36.5878,145.2891,335.82,0.45,0.73,2025-11-02,0508,NPP,VIIRS,nominal,2.0,296.54,9.67,N
37.0266,-119.052,358.74,0.57,0.42,2025-05-15,0223,N20,VIIRS,nominal,2.0,313.83,18.21,N
-9.54,-49.6709,327.56,0.78,0.79,2025-02-14,1014,NPP,VIIRS,nominal,2.0,290.08,14.88,D
-10.9749,-59.8092,315.14,0.72,0.44,2025-10-03,1105,N20,VIIRS,low,2.0,281.96,20.79,D
-2.0272,18.2913,337.14,0.59,0.71,2025-02-14,1502,NPP,VIIRS,nominal,2.0,293.86,9.57,D
-8.5176,-57.7935,329.99,0.6,0.72,2025-08-18,2153,NPP,VIIRS,nominal,2.0,286.83,1.42,N
38.9043,23.1845,372.98,0.34,0.53,2025-02-04,0533,NPP,VIIRS,high,2.0,332.68,5.81,N
-4.9577,17.9293,305.28,0.52,0.63,2025-03-09,0032,N20,VIIRS,low,2.0,274.85,4.98,N
-33.6413,151.5904,380.0,0.77,0.4,2025-05-13,1337,NPP,VIIRS,high,2.0,332.1,3.11,D
36.4161,-120.056,320.06,0.63,0.43,2025-11-12,0428,N20,VIIRS,low,2.0,278.0,9.49,N
40.7376,-119.1617,360.26,0.43,0.78,2025-09-28,1456,NPP,VIIRS,nominal,2.0,322.76,3.0,D
-2.5343,16.9418,316.3,0.75,0.53,2025-11-14,0402,NPP,VIIRS,low,2.0,281.67,5.65,N
-5.013,-47.8592,339.49,0.39,0.58,2025-03-24,2321,NPP,VIIRS,nominal,2.0,298.56,64.49,N
37.4768,-120.3415,329.19,0.62,0.39,2025-11-29,1005,NPP,VIIRS,nominal,2.0,290.81,13.84,D
41.3596,-120.3952,325.38,0.63,0.45,2025-10-06,1553,N20,VIIRS,nominal,2.0,289.17,12.19,D
-10.0343,-57.0867,315.28,0.7,0.38,2025-05-31,0836,NPP,VIIRS,low,2.0,273.08,19.58,D
38.4697,-119.6009,322.78,0.59,0.4,2025-06-14,0946,N20,VIIRS,low,2.0,281.62,3.55,D
-35.1169,143.0039,363.16,0.52,0.67,2025-01-10,1642,N21,VIIRS,high,2.0,315.53,11.81,D
-11.6902,-55.4637,311.7,0.57,0.61,2025-01-10,0349,N20,VIIRS,low,2.0,272.34,42.58,N
-4.486,-51.8101,327.41,0.5,0.68,2025-08-30,1106,N20,VIIRS,nominal,2.0,287.79,9.23,D
-5.485,18.8353,316.78,0.76,0.75,2025-03-06,1029,N20,VIIRS,low,2.0,283.17,27.89,D
36.5987,-121.2893,369.61,0.72,0.48,2025-06-08,0946,N20,VIIRS,high,2.0,317.63,8.59,D
-4.2069,17.0263,312.42,0.54,0.72,2025-03-08,0321,NPP,VIIRS,low,2.0,269.12,7.82,N
-9.9774,-57.3012,301.35,0.35,0.8,2025-11-06,1342,N20,VIIRS,low,2.0,263.09,1.34,D
-5.9865,-56.9752,311.0,0.74,0.37,2025-09-09,0340,N20,VIIRS,low,2.0,272.54,3.6,N
-3.6019,-52.3947,331.06,0.47,0.8,2025-07-02,1254,N20,VIIRS,nominal,2.0,298.21,10.2,D
36.9649,22.5074,318.31,0.66,0.51,2025-10-16,0621,N20,VIIRS,low,2.0,278.72,17.61,D
38.406,-122.8689,303.31,0.71,0.69,2025-05-17,0939,NPP,VIIRS,low,2.0,272.58,2.19,D
-31.7825,146.8857,333.11,0.62,0.63,2025-12-12,2113,N21,VIIRS,nominal,2.0,294.24,1.75,N
-5.1312,18.8688,338.81,0.75,0.57,2025-11-18,0039,NPP,VIIRS,nominal,2.0,298.18,2.46,N
-8.7055,-55.2291,309.71,0.66,0.57,2025-05-05,0959,N20,VIIRS,low,2.0,282.81,31.46,D
-32.8798,148.7766,380.0,0.74,0.73,2025-10-17,0652,N20,VIIRS,high,2.0,326.44,5.32,D
39.1926,-119.8504,332.81,0.75,0.42,2025-01-23,2147,N20,VIIRS,nominal,2.0,298.06,7.73,N
-34.1728,146.7605,312.93,0.55,0.79,2025-12-17,1437,NPP,VIIRS,low,2.0,277.06,14.88,D
-33.6602,147.5767,309.02,0.44,0.45,2025-09-05,0843,N20,VIIRS,low,2.0,269.17,0.5,D
38.2865,22.2715,380.0,0.36,0.77,2025-08-15,1351,N20,VIIRS,high,2.0,333.97,1.28,D
37.1778,-121.9183,307.92,0.75,0.51,2025-06-12,2303,N20,VIIRS,low,2.0,267.76,5.16,N
-1.7563,25.5681,321.52,0.77,0.39,2025-10-25,1536,N20,VIIRS,low,2.0,291.36,5.15,D
-2.0069,18.8804,329.26,0.77,0.63,2025-07-12,1729,N21,VIIRS,nominal,2.0,290.74,12.59,D
-28.8083,151.1889,301.5,0.51,0.4,2025-05-18,2026,N20,VIIRS,low,2.0,272.85,3.37,N
37.4071,-122.1569,380.0,0.34,0.74,2025-10-16,2345,N20,VIIRS,high,2.0,327.62,13.14,N
-30.0498,147.6131,300.23,0.7,0.59,2025-09-23,0903,N20,VIIRS,low,2.0,263.58,1.23,D
-29.289,148.4485,300.01,0.33,0.54,2025-07-23,1049,NPP,VIIRS,low,2.0,262.83,2.84,D
-32.5207,149.4661,309.62,0.45,0.36,2025-11-03,1228,NPP,VIIRS,low,2.0,277.56,13.76,D
37.0535,19.3083,319.18,0.57,0.5,2025-01-16,1513,N21,VIIRS,low,2.0,277.0,17.71,D
39.3742,24.4851,314.94,0.75,0.45,2025-07-21,2100,N21,VIIRS,low,2.0,286.38,1.86,N
-5.283,21.1709,312.1,0.34,0.72,2025-04-05,0718,NPP,VIIRS,low,2.0,272.92,2.0,D
41.8107,-118.6764,315.79,0.71,0.62,2025-01-19,0829,NPP,VIIRS,low,2.0,275.05,4.03,D
-5.7877,-53.4554,318.2,0.46,0.53,2025-08-25,2147,NPP,VIIRS,low,2.0,282.53,18.57,N
37.1191,-119.1845,300.66,0.43,0.57,2025-11-27,2005,NPP,VIIRS,low,2.0,271.27,1.77,N
-3.8045,-51.6718,336.12,0.53,0.43,2025-03-04,1412,NPP,VIIRS,nominal,2.0,290.72,16.94,D
-4.5697,19.7451,310.65,0.57,0.47,2025-12-27,1321,N20,VIIRS,low,2.0,270.4,3.87,D
-4.9983,22.8732,340.27,0.48,0.43,2025-10-08,1846,N20,VIIRS,nominal,2.0,298.2,5.42,D
35.7635,-118.0759,380.0,0.65,0.4,2025-02-11,2012,N20,VIIRS,high,2.0,335.27,9.63,N
-1.0579,18.3212,364.16,0.6,0.56,2025-09-18,2151,N20,VIIRS,high,2.0,320.35,51.12,N
-34.9482,149.4069,356.45,0.38,0.61,2025-01-21,0218,NPP,VIIRS,nominal,2.0,312.67,1.32,N
-3.3323,23.4353,334.91,0.6,0.71,2025-04-26,1655,NPP,VIIRS,nominal,2.0,291.06,29.3,D
-6.2457,-57.0821,356.37,0.44,0.78,2025-10-11,1945,N20,VIIRS,nominal,2.0,315.36,6.51,N
-7.5144,-49.7781,300.0,0.63,0.45,2025-08-07,1927,NPP,VIIRS,low,2.0,261.77,22.87,N
-8.7269,-50.6925,302.97,0.69,0.38,2025-03-28,0152,NPP,VIIRS,low,2.0,266.77,7.89,N
41.3491,-122.419,363.96,0.53,0.46,2025-06-25,1714,N20,VIIRS,high,2.0,317.02,21.43,D
-9.392,-58.7005,338.89,0.66,0.69,2025-04-20,2254,NPP,VIIRS,nominal,2.0,301.05,19.11,N
-34.4331,149.6192,300.0,0.65,0.55,2025-04-16,0941,N20,VIIRS,low,2.0,269.82,4.61,D
-6.233,22.9659,371.37,0.34,0.43,2025-05-15,1248,NPP,VIIRS,high,2.0,330.68,1.43,D
-7.8013,-54.8823,343.49,0.72,0.78,2025-08-16,0413,NPP,VIIRS,nominal,2.0,302.93,17.22,N
40.1516,18.8961,380.0,0.79,0.44,2025-10-20,0517,NPP,VIIRS,high,2.0,333.4,2.37,N
41.2905,-121.8094,317.94,0.71,0.68,2025-09-03,0433,N20,VIIRS,low,2.0,284.77,6.68,N
-4.6017,17.0973,357.45,0.63,0.65,2025-02-04,1328,N20,VIIRS,nominal,2.0,311.63,8.42,D
-33.4626,146.8472,300.0,0.58,0.56,2025-09-06,1314,NPP,VIIRS,low,2.0,267.52,2.9,D
-6.8492,-52.6674,312.18,0.64,0.54,2025-02-16,2023,NPP,VIIRS,low,2.0,273.2,21.63,N
-31.9022,147.4901,337.97,0.67,0.43,2025-09-03,0911,NPP,VIIRS,nominal,2.0,291.36,30.77,D
38.9612,24.8859,347.39,0.71,0.58,2025-01-16,0912,N20,VIIRS,nominal,2.0,307.23,4.24,D
38.4425,-119.9863,300.0,0.54,0.65,2025-11-18,1826,N20,VIIRS,low,2.0,262.44,8.38,D
-8.7907,-52.658,321.3,0.67,0.38,2025-05-26,1402,NPP,VIIRS,low,2.0,287.55,4.29,D
-10.6367,-50.4544,380.0,0.71,0.58,2025-08-01,0953,NPP,VIIRS,high,2.0,324.54,2.02,D
-3.8409,21.8212,315.23,0.64,0.36,2025-10-14,2005,N20,VIIRS,low,2.0,276.37,7.53,N
-34.3308,149.4438,331.82,0.59,0.62,2025-04-06,1147,N20,VIIRS,nominal,2.0,288.49,8.25,D
-10.5203,-52.576,344.3,0.33,0.53,2025-12-02,2203,NPP,VIIRS,nominal,2.0,307.34,2.3,N
-4.4013,20.882,301.95,0.74,0.6,2025-02-28,1651,NPP,VIIRS,low,2.0,265.8,3.33,D
-6.9822,-54.8738,349.3,0.74,0.78,2025-10-19,0918,N20,VIIRS,nominal,2.0,306.68,1.96,D
-9.0017,-55.9443,358.93,0.43,0.4,2025-01-10,0048,N20,VIIRS,nominal,2.0,310.69,17.85,N
39.0524,-120.1113,328.56,0.34,0.5,2025-09-12,1243,N20,VIIRS,nominal,2.0,287.5,0.64,D
-8.4751,-48.3827,302.69,0.59,0.7,2025-01-07,1221,N20,VIIRS,low,2.0,265.03,5.21,D
40.5059,22.4606,380.0,0.68,0.62,2025-04-18,2051,N20,VIIRS,high,2.0,331.61,4.65,N
38.4918,-121.3194,380.0,0.64,0.7,2025-01-03,2208,N20,VIIRS,high,2.0,331.19,26.08,N
-5.8031,-56.7585,329.8,0.6,0.45,2025-04-07,0533,NPP,VIIRS,nominal,2.0,287.08,12.75,N
38.927,-117.7408,303.22,0.71,0.6,2025-11-18,2325,NPP,VIIRS,low,2.0,268.94,5.63,N
38.2645,19.4084,380.0,0.77,0.59,2025-02-10,1919,N21,VIIRS,high,2.0,336.99,8.46,N
-33.8196,149.5667,340.94,0.6,0.5,2025-12-03,0236,N20,VIIRS,nominal,2.0,295.66,3.04,N
38.2147,-119.3147,317.86,0.35,0.68,2025-10-10,1519,N20,VIIRS,low,2.0,283.4,7.46,D
-31.7556,145.7223,300.0,0.36,0.74,2025-08-18,0750,N20,VIIRS,low,2.0,264.66,15.83,D
35.7423,-118.715,315.08,0.4,0.47,2025-08-08,1104,N20,VIIRS,low,2.0,281.58,28.61,D
-4.0411,20.694,329.42,0.46,0.46,2025-04-18,0555,NPP,VIIRS,nominal,2.0,288.05,7.91,N
35.2949,-121.5656,341.05,0.57,0.65,2025-03-20,1740,NPP,VIIRS,nominal,2.0,298.7,0.92,D
37.7625,26.557,328.04,0.56,0.65,2025-09-09,1942,N20,VIIRS,nominal,2.0,290.24,1.22,N
38.633,21.8957,300.0,0.75,0.47,2025-06-29,0027,NPP,VIIRS,low,2.0,260.43,2.81,N
-8.4805,-50.5225,313.35,0.76,0.76,2025-12-26,2226,N20,VIIRS,low,2.0,278.34,1.55,N
-6.3705,-57.5997,332.11,0.72,0.66,2025-08-30,1445,N21,VIIRS,nominal,2.0,290.59,2.86,D
-32.3961,146.9052,335.09,0.37,0.59,2025-08-12,2336,N20,VIIRS,high,2.0,298.06,128.71,N
-35.998,147.8163,314.65,0.62,0.65,2025-08-06,0513,NPP,VIIRS,low,2.0,275.62,3.62,N
-28.2233,150.3685,380.0,0.41,0.7,2025-07-15,0335,N20,VIIRS,high,2.0,335.1,2.37,N
-32.5419,150.1486,344.28,0.38,0.76,2025-03-29,2114,N20,VIIRS,nominal,2.0,296.46,6.19,N
41.3996,-117.8699,307.65,0.72,0.37,2025-07-10,0518,NPP,VIIRS,low,2.0,270.86,17.44,N
-33.5127,146.9239,312.73,0.65,0.79,2025-06-12,0851,N20,VIIRS,low,2.0,273.21,36.51,D
36.6905,-117.5482,317.06,0.37,0.73,2025-12-17,1753,N21,VIIRS,low,2.0,283.57,5.49,D
-6.5685,-57.0297,324.45,0.79,0.75,2025-05-13,1128,NPP,VIIRS,nominal,2.0,282.6,24.17,D
39.1946,-119.4791,307.55,0.5,0.47,2025-03-16,0308,N21,VIIRS,low,2.0,278.15,2.1,N
-32.1789,147.5379,331.38,0.49,0.44,2025-11-28,0048,NPP,VIIRS,nominal,2.0,288.43,2.84,N
33.7828,-119.9946,358.66,0.43,0.62,2025-01-26,0532,NPP,VIIRS,nominal,2.0,317.48,5.44,N
40.1258,-119.4989,338.34,0.36,0.66,2025-01-27,0413,NPP,VIIRS,nominal,2.0,299.68,6.26,N
-28.6298,146.6266,338.98,0.44,0.73,2025-06-09,2249,NPP,VIIRS,nominal,2.0,305.98,4.73,N
36.2217,-119.6056,369.69,0.56,0.56,2025-09-15,2302,NPP,VIIRS,high,2.0,326.63,12.31,N
39.3352,19.6371,327.1,0.53,0.55,2025-07-20,0815,N21,VIIRS,nominal,2.0,291.0,14.24,D
-32.0106,148.7669,312.57,0.57,0.62,2025-08-04,0149,NPP,VIIRS,low,2.0,272.39,14.05,N
41.1321,24.2294,359.84,0.53,0.39,2025-12-09,0432,NPP,VIIRS,nominal,2.0,317.89,0.5,N
-1.5995,18.8884,320.03,0.71,0.65,2025-03-27,1719,N20,VIIRS,low,2.0,286.6,0.88,D
-12.3706,-56.9125,312.77,0.62,0.36,2025-07-24,1120,NPP,VIIRS,low,2.0,276.93,18.09,D
-10.4254,-56.6487,300.0,0.44,0.7,2025-06-17,0201,N20,VIIRS,low,2.0,258.31,8.3,N
38.9457,18.1726,372.5,0.77,0.67,2025-09-25,2153,N20,VIIRS,high,2.0,324.98,1.95,N
-35.5609,148.379,319.67,0.5,0.62,2025-02-17,0132,NPP,VIIRS,low,2.0,284.5,2.15,N
-34.5321,147.0775,302.82,0.43,0.43,2025-01-20,1704,N21,VIIRS,low,2.0,263.9,2.0,D
-36.0357,147.2859,320.5,0.63,0.74,2025-04-23,1919,NPP,VIIRS,low,2.0,283.04,3.86,N
-33.9516,146.3478,322.46,0.59,0.67,2025-03-20,0836,N20,VIIRS,low,2.0,286.5,3.53,D
36.3407,-118.9354,334.45,0.55,0.5,2025-03-04,0043,N20,VIIRS,nominal,2.0,304.44,5.86,N
-36.2678,147.1503,304.38,0.62,0.67,2025-08-24,0358,N20,VIIRS,low,2.0,266.22,6.45,N
43.0433,-121.7976,380.0,0.54,0.72,2025-03-27,1155,N21,VIIRS,high,2.0,333.1,8.35,D
-9.5387,-45.9621,330.82,0.51,0.65,2025-10-03,0749,NPP,VIIRS,nominal,2.0,289.48,34.79,D
-11.9717,-58.0721,303.73,0.51,0.67,2025-05-06,2254,N20,VIIRS,low,2.0,274.99,4.75,N
38.254,-118.1504,324.28,0.52,0.44,2025-11-06,0505,N20,VIIRS,low,2.0,284.9,11.94,N
35.3423,-119.1948,321.11,0.41,0.7,2025-05-10,0102,N20,VIIRS,low,2.0,275.5,4.96,N
-6.4891,20.5589,300.0,0.32,0.56,2025-12-23,0910,NPP,VIIRS,low,2.0,269.39,1.89,D
-34.7872,144.7172,335.08,0.6,0.77,2025-05-29,1003,NPP,VIIRS,nominal,2.0,295.26,5.89,D
-11.5203,-56.6045,317.44,0.78,0.69,2025-05-08,1441,NPP,VIIRS,low,2.0,275.48,3.07,D
-34.5341,146.7923,324.45,0.61,0.37,2025-03-24,1059,NPP,VIIRS,low,2.0,279.63,1.08,D
36.6992,-118.6828,339.02,0.52,0.4,2025-01-04,0705,NPP,VIIRS,nominal,2.0,296.58,6.73,D
39.0883,-118.092,311.09,0.75,0.5,2025-01-22,1755,NPP,VIIRS,low,2.0,281.85,15.95,D
-5.1217,-55.1033,351.83,0.34,0.75,2025-05-21,1300,N21,VIIRS,nominal,2.0,302.26,1.04,D
-32.2084,148.5271,359.2,0.47,0.66,2025-10-09,1154,NPP,VIIRS,high,2.0,311.06,33.13,D
36.7535,-119.6748,329.12,0.57,0.38,2025-04-27,0508,N21,VIIRS,nominal,2.0,291.25,27.5,N
39.0757,-122.4008,351.8,0.57,0.66,2025-12-06,1125,N20,VIIRS,nominal,2.0,305.77,14.45,D
38.7215,-118.3892,380.0,0.78,0.55,2025-04-16,1156,N20,VIIRS,high,2.0,332.58,9.02,D
-34.6194,148.3756,330.47,0.56,0.6,2025-11-23,0228,NPP,VIIRS,nominal,2.0,284.12,4.27,N
-6.4178,-51.9998,300.78,0.75,0.49,2025-01-19,0413,N20,VIIRS,low,2.0,269.52,8.6,N
39.0661,-119.2599,380.0,0.48,0.43,2025-12-17,1811,NPP,VIIRS,high,2.0,332.18,1.04,D
-30.834,145.8472,304.9,0.49,0.74,2025-02-23,0809,N20,VIIRS,low,2.0,275.07,27.42,D
39.6556,19.9334,351.61,0.79,0.66,2025-09-22,1816,N20,VIIRS,high,2.0,307.45,51.36,D
37.0972,24.5296,380.0,0.68,0.67,2025-07-28,0057,N20,VIIRS,high,2.0,332.12,17.08,N
-7.0737,-58.7653,373.23,0.5,0.56,2025-09-03,1454,N20,VIIRS,high,2.0,328.25,6.11,D
38.4156,17.9892,324.78,0.47,0.42,2025-02-18,1027,N20,VIIRS,nominal,2.0,289.74,21.24,D
38.1228,24.0,336.89,0.4,0.73,2025-09-15,1253,N21,VIIRS,nominal,2.0,297.31,2.38,D
-5.32,-54.2573,314.57,0.7,0.45,2025-09-01,2203,N20,VIIRS,low,2.0,274.8,4.68,N
-9.5737,-55.7543,375.08,0.74,0.41,2025-09-29,0542,N20,VIIRS,high,2.0,325.94,3.52,N
-3.1569,20.6404,339.47,0.52,0.41,2025-02-01,1753,N20,VIIRS,nominal,2.0,301.32,41.69,D
38.7061,-121.173,325.63,0.41,0.66,2025-02-25,0642,N20,VIIRS,low,2.0,283.9,5.52,D
37.2877,26.1257,312.9,0.64,0.49,2025-02-13,2248,NPP,VIIRS,low,2.0,273.61,4.37,N
39.7544,-121.0011,307.19,0.7,0.44,2025-05-23,0152,N20,VIIRS,low,2.0,272.06,19.48,N
-3.0736,16.7189,310.41,0.69,0.48,2025-11-10,1349,N20,VIIRS,low,2.0,281.54,6.32,D
-35.4043,147.2086,327.43,0.53,0.68,2025-11-08,0133,N21,VIIRS,low,2.0,281.41,1.63,N
-33.5312,147.2002,380.0,0.54,0.38,2025-01-05,2338,N20,VIIRS,high,2.0,331.3,6.0,N
-34.7365,148.1956,319.71,0.4,0.55,2025-03-31,2347,NPP,VIIRS,low,2.0,284.71,21.85,N
39.2472,21.1923,366.33,0.75,0.37,2025-04-01,0937,N21,VIIRS,high,2.0,322.35,2.14,D
-27.7584,145.7761,345.19,0.62,0.37,2025-12-29,1823,N20,VIIRS,nominal,2.0,309.08,5.63,D
-31.0484,149.8369,349.86,0.78,0.78,2025-11-17,2017,NPP,VIIRS,nominal,2.0,303.77,14.03,N
37.169,-120.5455,312.36,0.77,0.5,2025-08-07,1424,N20,VIIRS,low,2.0,272.81,42.38,D
36.2973,20.869,321.36,0.58,0.37,2025-01-19,2223,N20,VIIRS,low,2.0,284.48,20.02,N
41.1929,23.6685,344.07,0.77,0.39,2025-12-15,0341,N20,VIIRS,nominal,2.0,307.42,6.26,N
-5.6323,16.5079,304.48,0.74,0.42,2025-09-28,0526,N20,VIIRS,low,2.0,267.38,6.25,N
-12.2457,-53.8264,380.0,0.54,0.53,2025-01-25,2209,N20,VIIRS,high,2.0,330.18,3.06,N
40.5577,-118.7166,308.59,0.54,0.38,2025-05-29,1404,N21,VIIRS,low,2.0,273.9,5.1,D
-7.9823,-59.7314,380.0,0.51,0.56,2025-05-16,0411,N20,VIIRS,high,2.0,331.1,4.12,N
-9.6488,-59.3218,337.23,0.6,0.36,2025-05-29,1851,N20,VIIRS,nominal,2.0,297.12,18.82,D
-7.1231,-55.1253,306.49,0.75,0.69,2025-12-05,0737,NPP,VIIRS,low,2.0,270.3,24.94,D
-7.0899,18.7057,380.0,0.77,0.57,2025-05-04,1905,N20,VIIRS,high,2.0,330.91,2.41,N
-9.5386,-52.891,308.09,0.63,0.5,2025-03-09,0137,N20,VIIRS,low,2.0,270.09,57.3,N
-9.4582,-49.9818,333.25,0.68,0.75,2025-09-17,1707,N20,VIIRS,nominal,2.0,289.32,3.35,D
38.2504,20.179,380.0,0.4,0.46,2025-07-02,1309,N20,VIIRS,high,2.0,339.16,9.84,D
-7.9811,-56.042,320.04,0.48,0.52,2025-12-04,2151,N21,VIIRS,nominal,2.0,287.65,31.85,N
38.8677,22.5834,310.22,0.66,0.36,2025-11-30,2213,NPP,VIIRS,low,2.0,275.97,7.35,N
-35.5419,147.2428,316.73,0.75,0.76,2025-10-04,1548,NPP,VIIRS,low,2.0,274.08,18.73,D
36.9736,-119.3089,322.21,0.41,0.77,2025-02-06,1021,N20,VIIRS,low,2.0,287.05,10.97,D
38.2307,23.6708,317.2,0.5,0.6,2025-11-10,0535,N21,VIIRS,low,2.0,280.82,7.56,N
37.0167,23.4588,344.66,0.53,0.55,2025-06-10,1043,N20,VIIRS,nominal,2.0,304.04,6.36,D
40.4262,-119.0366,323.66,0.51,0.55,2025-09-05,0753,NPP,VIIRS,low,2.0,288.72,3.84,D
39.3992,-121.0396,380.0,0.73,0.75,2025-07-24,1702,NPP,VIIRS,high,2.0,325.21,31.9,D
-1.8079,21.0208,334.25,0.57,0.48,2025-04-13,1231,NPP,VIIRS,nominal,2.0,289.71,4.53,D
-5.6001,19.8475,335.02,0.49,0.47,2025-09-02,0424,NPP,VIIRS,nominal,2.0,294.37,22.65,N
37.9545,21.0723,321.45,0.65,0.6,2025-08-10,1120,NPP,VIIRS,low,2.0,279.82,3.47,D
-32.3673,146.2295,306.86,0.77,0.36,2025-09-20,1904,N20,VIIRS,low,2.0,271.14,6.97,N
-0.9691,20.9162,339.67,0.63,0.64,2025-01-06,0118,N20,VIIRS,nominal,2.0,297.67,7.79,N
-30.8183,147.0741,380.0,0.63,0.39,2025-04-28,2242,NPP,VIIRS,high,2.0,327.68,25.83,N
42.4083,-120.489,380.0,0.62,0.78,2025-04-13,0656,N20,VIIRS,high,2.0,333.2,7.42,D
-30.9771,150.683,301.24,0.43,0.45,2025-12-31,0424,N20,VIIRS,low,2.0,262.06,6.98,N
38.0488,-121.4356,380.0,0.32,0.74,2025-12-23,1544,NPP,VIIRS,high,2.0,326.24,2.96,D
-6.5269,-53.7985,324.03,0.49,0.74,2025-04-17,1712,N21,VIIRS,low,2.0,287.41,4.75,D
-5.6583,-54.9976,309.73,0.61,0.53,2025-06-04,1928,NPP,VIIRS,low,2.0,281.72,7.33,N
37.9278,24.8121,342.96,0.7,0.38,2025-10-03,2231,NPP,VIIRS,nominal,2.0,303.4,8.12,N
-1.3777,19.4616,318.9,0.52,0.48,2025-11-19,1843,N20,VIIRS,low,2.0,277.11,1.17,D
-5.3075,-55.5974,300.0,0.33,0.74,2025-07-05,1722,N20,VIIRS,low,2.0,265.42,3.62,D
-32.9492,144.1607,350.19,0.72,0.78,2025-02-26,1518,NPP,VIIRS,nominal,2.0,303.67,2.63,D
40.9057,21.6476,307.86,0.73,0.55,2025-08-31,1524,N20,VIIRS,low,2.0,276.67,3.04,D
38.5857,21.5491,366.24,0.75,0.78,2025-01-21,1804,N20,VIIRS,high,2.0,320.05,10.04,D
-8.1237,-53.3901,380.0,0.47,0.6,2025-10-11,0914,N21,VIIRS,high,2.0,331.75,5.55,D
-8.9912,-57.9654,337.96,0.8,0.43,2025-07-28,0925,N21,VIIRS,nominal,2.0,299.64,7.55,D
35.9207,-118.6724,368.58,0.72,0.49,2025-12-09,0805,NPP,VIIRS,high,2.0,323.4,4.8,D
-3.8093,19.3677,380.0,0.66,0.49,2025-05-08,0549,NPP,VIIRS,high,2.0,336.7,6.93,N
-7.5189,-53.0515,363.51,0.77,0.56,2025-06-01,1237,N20,VIIRS,high,2.0,317.08,13.11,D
37.9282,-119.708,321.47,0.5,0.51,2025-12-22,2052,N21,VIIRS,nominal,2.0,290.04,29.12,N
-34.5458,148.8141,380.0,0.68,0.38,2025-09-11,0046,NPP,VIIRS,high,2.0,329.64,4.75,N
-8.8767,-47.3585,335.91,0.35,0.59,2025-08-22,1025,N20,VIIRS,nominal,2.0,297.11,3.53,D
-5.9638,-62.19,305.25,0.45,0.68,2025-03-03,0247,N20,VIIRS,low,2.0,272.81,13.97,N
39.0612,18.5234,328.92,0.52,0.47,2025-10-31,0110,NPP,VIIRS,nominal,2.0,288.08,3.37,N
-3.0359,20.885,320.87,0.53,0.54,2025-08-30,1819,N20,VIIRS,low,2.0,289.84,7.04,D
37.4882,-119.7572,320.86,0.67,0.62,2025-05-08,1517,NPP,VIIRS,low,2.0,278.84,14.4,D
-32.5983,148.2016,358.42,0.79,0.44,2025-12-25,0044,NPP,VIIRS,nominal,2.0,314.13,16.04,N
-5.9129,21.1338,380.0,0.8,0.38,2025-01-25,0852,NPP,VIIRS,high,2.0,330.7,3.75,D
-33.7379,148.4276,300.0,0.72,0.66,2025-08-19,0114,NPP,VIIRS,low,2.0,269.62,9.34,N
-7.6413,-52.5336,307.61,0.37,0.73,2025-10-14,1107,NPP,VIIRS,low,2.0,270.33,4.97,D
-6.5526,-57.7217,300.57,0.35,0.41,2025-10-06,1859,N20,VIIRS,low,2.0,262.77,7.57,D
-6.2652,-54.6422,339.63,0.49,0.48,2025-02-12,2212,NPP,VIIRS,nominal,2.0,296.36,0.83,N
39.8241,-121.3393,314.17,0.65,0.54,2025-03-22,0333,NPP,VIIRS,low,2.0,281.13,11.87,N
-31.9983,146.2431,300.0,0.33,0.66,2025-07-10,0712,NPP,VIIRS,low,2.0,268.66,23.63,D
0.0486,16.7284,311.63,0.61,0.38,2025-05-27,1907,N20,VIIRS,low,2.0,276.22,2.72,N
36.7501,-120.4157,314.63,0.44,0.36,2025-09-25,1754,N20,VIIRS,low,2.0,277.12,14.33,D
37.2358,-122.0082,380.0,0.45,0.46,2025-09-21,0228,NPP,VIIRS,high,2.0,337.22,15.89,N
37.8965,-119.8834,369.14,0.53,0.54,2025-10-31,0552,NPP,VIIRS,high,2.0,325.44,2.78,N
38.5766,-119.1931,324.2,0.32,0.54,2025-05-27,0432,NPP,VIIRS,low,2.0,281.85,2.63,N
-5.6152,19.4637,373.46,0.62,0.45,2025-01-26,2020,NPP,VIIRS,high,2.0,320.5,18.4,N
-34.2165,148.7262,309.18,0.51,0.46,2025-08-09,1257,N20,VIIRS,low,2.0,270.86,4.47,D
39.3639,-121.9667,317.98,0.39,0.47,2025-07-23,0951,NPP,VIIRS,low,2.0,278.02,15.17,D
38.8512,-119.4213,300.66,0.42,0.57,2025-03-09,0053,N20,VIIRS,low,2.0,265.66,7.08,N
39.3854,20.4023,307.81,0.44,0.5,2025-02-20,1337,NPP,VIIRS,low,2.0,266.97,9.85,D
-2.856,18.3087,307.63,0.64,0.52,2025-10-13,0121,N20,VIIRS,low,2.0,268.97,6.13,N
39.3477,-119.9629,319.75,0.57,0.54,2025-02-12,0608,N20,VIIRS,low,2.0,282.48,14.67,D
-7.1069,-53.7547,330.28,0.42,0.72,2025-06-17,0520,NPP,VIIRS,nominal,2.0,292.73,6.61,N
-32.1355,148.9401,363.65,0.67,0.46,2025-05-04,0351,N21,VIIRS,high,2.0,313.85,6.69,N
38.158,25.332,361.81,0.7,0.66,2025-06-11,0910,N20,VIIRS,high,2.0,317.04,33.24,D
-9.9425,-51.9385,304.2,0.61,0.77,2025-08-24,1851,NPP,VIIRS,low,2.0,262.15,14.39,D
-34.3162,147.3925,324.75,0.75,0.61,2025-11-27,1156,N20,VIIRS,low,2.0,286.6,5.97,D
-37.3394,145.6116,380.0,0.66,0.58,2025-01-18,0246,N20,VIIRS,high,2.0,330.32,27.82,N
-1.4848,20.9745,324.39,0.37,0.6,2025-09-08,0324,NPP,VIIRS,low,2.0,279.95,9.92,N
-29.4901,148.0368,380.0,0.42,0.71,2025-01-11,1200,NPP,VIIRS,high,2.0,333.36,19.2,D
-32.7963,151.098,315.99,0.76,0.56,2025-05-06,1357,NPP,VIIRS,low,2.0,283.68,,D
-10.4633,-51.064,380.0,0.41,0.53,2025-09-29,0536,N20,VIIRS,high,2.0,334.2,4.81,N
37.3424,-118.3654,340.68,0.4,0.54,2025-05-11,2126,NPP,VIIRS,nominal,2.0,304.32,9.22,N
-9.9322,-54.3969,380.0,0.37,0.4,2025-04-04,1739,NPP,VIIRS,high,2.0,330.34,9.06,D
-3.6394,18.0443,314.01,0.54,0.69,2025-02-01,0701,NPP,VIIRS,low,2.0,269.5,49.43,D
38.4495,21.1011,356.97,0.52,0.49,2025-06-12,0333,N20,VIIRS,nominal,2.0,310.48,9.79,N
39.3801,-122.712,373.75,0.4,0.76,2025-04-15,1116,NPP,VIIRS,high,2.0,329.07,9.52,D
35.4961,24.867,380.0,0.39,0.64,2025-05-06,0535,N20,VIIRS,high,2.0,332.33,2.9,N
-3.325,19.3681,322.22,0.77,0.39,2025-10-07,0006,N20,VIIRS,low,2.0,285.11,1.8,N
36.5193,-119.5914,309.03,0.58,0.45,2025-01-26,0959,N20,VIIRS,low,2.0,266.6,9.83,D
37.3908,-122.0311,303.98,0.61,0.55,2025-02-05,0316,NPP,VIIRS,low,2.0,267.9,3.34,N
-32.149,150.3945,345.73,0.43,0.66,2025-07-09,0040,NPP,VIIRS,nominal,2.0,302.39,12.55,N
-2.9967,-58.2253,315.28,0.33,0.36,2025-03-12,1353,NPP,VIIRS,low,2.0,277.59,5.2,D
-4.456,16.6233,380.0,0.39,0.54,2025-09-11,1859,NPP,VIIRS,high,2.0,327.95,1.85,D
-5.1056,-52.5123,338.57,0.34,0.61,2025-07-28,0140,N21,VIIRS,nominal,2.0,301.11,5.13,N
-8.0943,-55.4304,380.0,0.79,0.8,2025-04-21,0058,N20,VIIRS,high,2.0,328.99,0.55,N
-2.8568,-56.5032,336.52,0.78,0.64,2025-11-29,0011,N20,VIIRS,nominal,2.0,291.85,4.05,N
-34.6929,149.8513,305.07,0.52,0.54,2025-06-11,2020,N20,VIIRS,low,2.0,265.78,3.48,N
-6.7021,16.8261,331.58,0.63,0.78,2025-06-27,1018,N20,VIIRS,nominal,2.0,289.01,4.21,D
-8.1177,-55.5132,380.0,0.75,0.45,2025-08-01,1114,NPP,VIIRS,high,2.0,328.23,0.67,D
36.0969,-117.3717,349.23,0.33,0.44,2025-07-15,1126,NPP,VIIRS,nominal,2.0,306.35,11.88,D
-11.1937,-61.9695,333.53,0.64,0.76,2025-10-29,0639,N20,VIIRS,nominal,2.0,290.32,3.87,D
38.8085,-119.1555,336.11,0.34,0.55,2025-02-09,2039,N20,VIIRS,nominal,2.0,298.03,8.1,N
-9.0878,-50.3521,311.47,0.38,0.58,2025-01-16,1726,NPP,VIIRS,low,2.0,278.85,11.06,D
-3.7869,-49.9663,310.24,0.74,0.68,2025-11-17,0158,N20,VIIRS,low,2.0,275.44,6.13,N
-3.454,15.0209,331.03,0.79,0.67,2025-05-14,1634,NPP,VIIRS,nominal,2.0,290.57,2.26,D
-7.9625,-52.1127,302.64,0.49,0.36,2025-12-19,1849,N20,VIIRS,low,2.0,263.83,,D
38.9406,-119.0084,344.15,0.65,0.38,2025-12-27,1200,NPP,VIIRS,nominal,2.0,303.44,22.82,D
39.8662,-119.1504,380.0,0.38,0.43,2025-03-12,1438,N20,VIIRS,high,2.0,331.25,13.45,D
-34.058,145.8869,380.0,0.76,0.49,2025-01-13,1612,NPP,VIIRS,high,2.0,329.31,27.33,D
-9.0604,-54.6452,305.27,0.57,0.52,2025-05-21,1616,N21,VIIRS,low,2.0,273.59,10.85,D
37.0889,-120.1984,334.32,0.48,0.5,2025-10-23,1624,N20,VIIRS,nominal,2.0,283.82,32.63,D
-8.1294,-58.1434,341.65,0.59,0.59,2025-01-01,1708,N20,VIIRS,nominal,2.0,300.83,4.53,D
37.1169,26.3693,303.21,0.43,0.57,2025-01-09,1952,N21,VIIRS,low,2.0,265.93,20.11,N
37.7569,-118.3038,380.0,0.5,0.74,2025-09-21,2247,N20,VIIRS,high,2.0,332.3,1.99,N
39.5334,16.0173,302.42,0.43,0.55,2025-11-07,2142,NPP,VIIRS,low,2.0,273.23,11.29,N
42.6413,19.9547,330.71,0.42,0.45,2025-07-21,1913,NPP,VIIRS,nominal,2.0,286.29,4.74,N
1.8982,22.9872,319.99,0.66,0.71,2025-07-18,1011,NPP,VIIRS,low,2.0,290.17,4.51,D
-0.7132,20.8656,300.0,0.63,0.41,2025-10-13,1453,N20,VIIRS,low,2.0,264.63,3.66,D
38.256,-119.1971,300.0,0.41,0.47,2025-12-29,1015,N20,VIIRS,low,2.0,266.04,33.48,D
-32.1116,150.2026,334.49,0.78,0.65,2025-08-06,1809,NPP,VIIRS,nominal,2.0,294.83,3.61,D
35.1543,-119.4886,318.06,0.73,0.77,2025-12-09,0232,N20,VIIRS,low,2.0,274.85,4.17,N
39.1696,-119.1385,380.0,0.46,0.55,2025-01-15,1213,NPP,VIIRS,high,2.0,330.68,127.6,D
39.2402,-119.1151,317.27,0.63,0.61,2025-12-28,1051,N20,VIIRS,low,2.0,278.24,8.27,D
39.0008,-118.5836,338.58,0.77,0.47,2025-10-25,1406,NPP,VIIRS,nominal,2.0,296.9,4.07,D
-3.3046,18.8307,343.53,0.35,0.79,2025-06-22,1658,N21,VIIRS,nominal,2.0,296.71,27.08,D
-3.093,17.6425,310.52,0.64,0.63,2025-10-15,1750,NPP,VIIRS,low,2.0,275.85,4.04,D
38.6959,-120.6304,342.98,0.75,0.7,2025-12-20,2139,N20,VIIRS,nominal,2.0,298.1,1.37,N
-31.084,149.3271,359.16,0.5,0.48,2025-07-06,0009,N20,VIIRS,high,2.0,312.73,25.98,N
36.8866,23.8514,323.12,0.44,0.5,2025-09-10,2307,NPP,VIIRS,low,2.0,284.35,7.49,N
-7.5525,20.9808,316.54,0.76,0.61,2025-01-20,0120,NPP,VIIRS,low,2.0,281.0,0.67,N
37.7026,-119.504,342.81,0.37,0.63,2025-06-05,0904,N21,VIIRS,nominal,2.0,299.41,1.88,D
-29.8203,149.1481,303.11,0.49,0.37,2025-01-27,0112,N20,VIIRS,low,2.0,262.27,3.8,N
-5.9439,-49.6324,314.91,0.71,0.77,2025-08-17,0127,NPP,VIIRS,low,2.0,281.61,3.94,N
37.8414,-120.9645,380.0,0.38,0.4,2025-04-21,1431,N20,VIIRS,high,2.0,330.89,0.66,D
34.9475,-121.3766,309.93,0.36,0.76,2025-06-23,1529,N20,VIIRS,low,2.0,270.39,0.5,D
39.449,26.2207,326.66,0.59,0.47,2025-02-23,1549,NPP,VIIRS,low,2.0,288.57,2.56,D
36.4868,-119.0268,330.37,0.66,0.42,2025-09-16,0928,N20,VIIRS,nominal,2.0,292.12,28.63,D
38.9046,17.916,328.79,0.55,0.44,2025-12-18,0045,N20,VIIRS,nominal,2.0,292.87,1.58,N
-33.1282,149.0726,318.21,0.49,0.51,2025-02-17,1020,NPP,VIIRS,low,2.0,276.28,0.85,D
-7.9987,-53.0761,344.64,0.76,0.68,2025-12-11,0355,NPP,VIIRS,nominal,2.0,301.18,10.0,N
-7.8256,-56.3168,328.21,0.54,0.42,2025-10-04,0325,NPP,VIIRS,nominal,2.0,291.36,1.67,N
-29.7824,149.6565,311.86,0.63,0.55,2025-10-22,1733,N20,VIIRS,low,2.0,278.09,2.79,D
-33.7195,145.3479,322.37,0.45,0.79,2025-08-05,1830,N20,VIIRS,low,2.0,285.67,9.06,D
-32.3519,145.7046,310.77,0.42,0.44,2025-12-27,1340,N20,VIIRS,low,2.0,269.4,7.71,D
36.7811,-119.6634,317.42,0.55,0.77,2025-08-08,1501,NPP,VIIRS,low,2.0,286.63,3.35,D
-4.2069,17.0263,312.42,0.54,0.72,2025-03-08,0321,NPP,VIIRS,low,2.0,269.12,7.82,N
-3.544,-56.5417,316.68,0.38,0.59,2025-12-03,0428,NPP,VIIRS,low,2.0,275.39,8.24,N
39.7101,-122.0576,380.0,0.45,0.52,2025-07-17,1800,NPP,VIIRS,high,2.0,324.56,8.82,D
-31.6259,150.9331,356.47,0.54,0.69,2025-12-17,2021,N20,VIIRS,nominal,2.0,311.43,15.07,N
-3.4454,-58.0333,309.8,0.44,0.46,2025-05-14,1509,N20,VIIRS,low,2.0,275.25,6.4,D
-31.4332,147.4969,370.43,0.8,0.7,2025-11-14,0210,N20,VIIRS,high,2.0,320.77,6.65,N
39.8241,-121.3393,314.17,0.65,0.54,2025-03-22,0333,NPP,VIIRS,low,2.0,281.13,11.87,N
-9.4006,-51.6772,308.1,0.73,0.53,2025-05-11,0812,NPP,VIIRS,low,2.0,266.79,1.07,D
-5.9903,19.5644,310.04,0.7,0.71,2025-02-05,1448,NPP,VIIRS,low,2.0,273.62,2.4,D
-6.3371,-53.1358,351.28,0.51,0.39,2025-07-28,0253,N21,VIIRS,nominal,2.0,302.8,2.59,N
-3.3924,21.7318,331.89,0.72,0.41,2025-02-20,0400,N20,VIIRS,nominal,2.0,297.53,12.18,N
-2.1773,20.2538,318.41,0.71,0.37,2025-09-17,0544,NPP,VIIRS,low,2.0,275.36,5.09,N
-32.996,151.0657,380.0,0.68,0.74,2025-12-05,2004,NPP,VIIRS,high,2.0,336.94,15.04,N
-8.5794,-50.3063,380.0,0.55,0.52,2025-05-11,1411,NPP,VIIRS,high,2.0,330.19,8.81,D
-0.8975,22.1175,324.3,0.46,0.57,2025-06-22,1201,N20,VIIRS,low,2.0,287.27,12.04,D
0.1156,16.5478,380.0,0.36,0.8,2025-08-01,1907,N20,VIIRS,high,2.0,326.75,2.7,N
37.1605,-119.2102,309.24,0.74,0.61,2025-09-08,0716,NPP,VIIRS,low,2.0,279.18,2.73,D
-8.4227,-64.2784,341.42,0.66,0.73,2025-10-12,0541,NPP,VIIRS,nominal,2.0,303.72,8.68,N
37.8202,19.998,303.36,0.68,0.78,2025-01-29,1050,NPP,VIIRS,low,2.0,270.54,4.55,D
-34.5848,147.3841,313.53,0.53,0.79,2025-03-29,1442,NPP,VIIRS,low,2.0,275.88,5.66,D
-12.0524,-58.5842,357.49,0.55,0.55,2025-12-14,1837,N20,VIIRS,nominal,2.0,316.9,3.5,D
38.473,-122.4266,376.07,0.53,0.52,2025-04-12,2338,NPP,VIIRS,high,2.0,327.67,16.89,N
39.3965,-121.5459,331.26,0.44,0.6,2025-08-30,0606,NPP,VIIRS,nominal,2.0,291.17,3.14,D
-29.0748,148.0074,351.38,0.57,0.41,2025-06-01,1322,NPP,VIIRS,nominal,2.0,310.26,5.25,D
-7.1796,-55.1921,352.84,0.6,0.8,2025-11-05,1014,NPP,VIIRS,nominal,2.0,312.95,17.93,D
38.5559,25.0991,364.08,0.45,0.49,2025-01-08,0622,N21,VIIRS,high,2.0,316.91,27.75,D
-10.3106,-55.6612,325.63,0.7,0.69,2025-10-18,1025,NPP,VIIRS,low,2.0,286.58,1.46,D
-9.9199,-61.1056,342.39,0.32,0.71,2025-07-28,0546,N20,VIIRS,nominal,2.0,305.57,2.25,N
38.0448,16.2633,380.0,0.78,0.52,2025-06-06,0432,N20,VIIRS,high,2.0,332.71,3.73,N
39.1446,-118.8509,343.04,0.67,0.68,2025-01-21,1931,NPP,VIIRS,nominal,2.0,300.15,11.74,N
37.6794,-119.6291,380.0,0.45,0.64,2025-04-19,0717,N20,VIIRS,high,2.0,332.49,35.05,D
38.1719,-119.3802,347.16,0.65,0.8,2025-09-09,1727,NPP,VIIRS,nominal,2.0,301.77,11.54,D
36.8477,-121.801,335.67,0.77,0.43,2025-10-04,1328,N20,VIIRS,nominal,2.0,291.3,2.38,D
36.0805,-123.7058,330.36,0.77,0.8,2025-09-23,0342,N20,VIIRS,nominal,2.0,291.01,4.46,N
37.9905,-118.7456,300.0,0.49,0.37,2025-02-28,1431,N20,VIIRS,low,2.0,263.76,12.58,D
-4.9086,-54.9536,319.76,0.44,0.69,2025-09-30,0647,N20,VIIRS,low,2.0,282.48,19.38,D
37.1824,-124.0857,300.0,0.69,0.38,2025-10-22,0545,NPP,VIIRS,low,2.0,267.35,12.37,N
-31.4136,147.7559,337.01,0.48,0.53,2025-08-07,2106,N20,VIIRS,nominal,2.0,287.55,4.07,N
38.4699,20.5306,380.0,0.63,0.43,2025-04-22,0204,N20,VIIRS,high,2.0,330.1,18.01,N
-9.2496,26.1176,343.38,0.57,0.55,2025-09-02,2030,N20,VIIRS,nominal,2.0,306.16,10.18,N
-4.4981,15.9851,320.04,0.8,0.41,2025-12-03,1913,N20,VIIRS,low,2.0,283.14,10.14,N
37.5856,22.318,300.0,0.75,0.64,2025-02-09,1230,N20,VIIRS,low,2.0,263.7,17.88,D
-33.5399,144.9131,306.08,0.33,0.71,2025-05-22,0014,N20,VIIRS,low,2.0,266.94,7.84,N
38.6661,21.2496,300.0,0.4,0.36,2025-09-03,0314,NPP,VIIRS,low,2.0,268.92,11.97,N
-34.2665,147.8065,318.42,0.52,0.45,2025-09-08,0937,NPP,VIIRS,low,2.0,284.89,1.34,D
37.2723,-121.6637,300.0,0.58,0.73,2025-10-01,0248,NPP,VIIRS,low,2.0,262.63,1.77,N
37.5538,-118.6477,310.4,0.64,0.65,2025-10-12,0224,N20,VIIRS,low,2.0,274.27,1.9,N
-4.7127,-58.4754,326.07,0.55,0.57,2025-03-27,0828,N20,VIIRS,nominal,2.0,283.45,23.04,D
34.9605,-120.2052,313.57,0.8,0.76,2025-10-30,0907,N20,VIIRS,low,2.0,273.7,1.22,D
37.7307,-119.0414,311.73,0.34,0.54,2025-02-14,2017,N21,VIIRS,low,2.0,276.52,58.12,N
38.4675,-120.2997,332.92,0.75,0.68,2025-08-05,1856,N20,VIIRS,nominal,2.0,292.53,15.38,D
-7.641,-54.687,303.64,0.48,0.57,2025-09-06,2028,N20,VIIRS,low,2.0,271.09,4.46,N
-33.7656,147.7525,329.36,0.44,0.69,2025-01-16,1736,N20,VIIRS,nominal,2.0,285.82,3.49,D
-14.1496,-55.6113,303.11,0.62,0.57,2025-12-27,1443,NPP,VIIRS,low,2.0,262.09,1.63,D
40.8015,-120.0504,327.68,0.49,0.62,2025-01-31,0233,NPP,VIIRS,nominal,2.0,284.01,3.65,N
43.6836,19.6135,311.1,0.78,0.37,2025-03-13,2347,N20,VIIRS,low,2.0,276.88,1.0,N
40.8808,-118.0177,314.6,0.68,0.38,2025-02-15,0350,N20,VIIRS,low,2.0,283.69,6.22,N
36.1663,23.1317,311.74,0.71,0.5,2025-03-13,1046,N20,VIIRS,low,2.0,272.55,3.82,D
-34.9962,144.4914,315.24,0.43,0.68,2025-08-02,1405,N20,VIIRS,low,2.0,268.17,1.16,D
37.9034,-118.1956,321.73,0.7,0.43,2025-10-17,2211,N20,VIIRS,nominal,2.0,278.1,,N
-36.502,147.645,304.2,0.47,0.67,2025-11-08,1718,N20,VIIRS,low,2.0,270.44,8.01,D
36.3057,-117.6293,300.98,0.67,0.61,2025-01-02,0819,N20,VIIRS,low,2.0,266.2,3.96,D
38.3082,-116.1726,300.0,0.64,0.6,2025-09-02,0459,NPP,VIIRS,low,2.0,260.84,17.0,N
-1.9647,20.6516,303.46,0.52,0.4,2025-12-07,0948,NPP,VIIRS,low,2.0,267.65,1.56,D
-33.3208,153.0018,331.56,0.39,0.63,2025-06-29,0609,NPP,VIIRS,nominal,2.0,291.67,20.97,D
-7.9299,-52.7665,347.48,0.54,0.42,2025-08-20,1613,NPP,VIIRS,nominal,2.0,310.54,4.0,D
-4.1479,19.8184,336.74,0.58,0.72,2025-03-11,0839,N21,VIIRS,nominal,2.0,296.73,1.89,D
-6.7547,-53.4134,315.43,0.45,0.45,2025-03-12,1755,N20,VIIRS,low,2.0,274.1,24.08,D
-30.2008,145.3157,342.21,0.7,0.66,2025-11-04,2319,NPP,VIIRS,nominal,2.0,299.26,4.4,N
-5.3568,-52.7077,380.0,0.73,0.5,2025-03-19,0001,NPP,VIIRS,high,2.0,326.93,106.07,N
37.5878,-120.1114,352.75,0.66,0.49,2025-02-03,1748,NPP,VIIRS,nominal,2.0,306.57,,D
-4.5994,19.8795,353.56,0.64,0.79,2025-07-02,1123,NPP,VIIRS,high,2.0,308.0,69.76,D
36.458,-121.5314,312.12,0.71,0.48,2025-03-15,0451,NPP,VIIRS,low,2.0,270.72,2.18,N
37.6344,20.3934,328.62,0.75,0.41,2025-01-07,0124,NPP,VIIRS,nominal,2.0,288.65,12.97,N
36.8404,26.2436,324.87,0.55,0.79,2025-07-26,1502,N20,VIIRS,low,2.0,280.07,9.41,D
-11.3158,-60.7543,344.42,0.52,0.41,2025-08-27,1203,N21,VIIRS,nominal,2.0,300.43,8.08,D
-26.8034,147.4836,342.53,0.34,0.52,2025-01-13,0833,N21,VIIRS,nominal,2.0,303.34,9.91,D
-35.2282,146.7381,322.67,0.71,0.71,2025-08-26,0239,N20,VIIRS,low,2.0,282.91,4.37,N
37.6498,-118.774,300.0,0.76,0.64,2025-07-01,1937,NPP,VIIRS,low,2.0,267.68,6.2,N
41.1173,-118.3598,328.6,0.52,0.63,2025-10-10,1109,NPP,VIIRS,nominal,2.0,293.04,6.91,D
-3.128,22.0252,313.46,0.77,0.73,2025-04-21,0857,N20,VIIRS,low,2.0,276.24,10.18,D
-28.3506,146.9421,313.18,0.44,0.4,2025-02-07,0325,N20,VIIRS,low,2.0,284.31,1.18,N
-33.3552,149.3118,312.26,0.57,0.51,2025-05-06,0846,N20,VIIRS,low,2.0,276.76,7.01,D
-8.3067,22.6332,348.69,0.35,0.78,2025-12-09,0023,N20,VIIRS,nominal,2.0,309.84,3.87,N
38.6327,-121.5321,310.78,0.7,0.52,2025-03-04,1807,N20,VIIRS,low,2.0,273.55,7.87,D
39.7031,25.0431,316.13,0.35,0.6,2025-06-21,1738,N20,VIIRS,low,2.0,285.23,2.42,D
40.8988,25.4472,327.34,0.65,0.68,2025-06-23,1224,N20,VIIRS,nominal,2.0,288.92,4.93,D
-29.8438,149.9709,344.09,0.6,0.59,2025-01-20,1843,NPP,VIIRS,nominal,2.0,296.92,13.11,D
-6.9911,19.9705,310.79,0.57,0.53,2025-11-10,1752,NPP,VIIRS,low,2.0,275.7,5.11,D
-7.3827,-55.7701,300.0,0.63,0.78,2025-09-22,0052,N20,VIIRS,low,2.0,264.54,1.92,N
-2.9316,18.2558,318.8,0.59,0.67,2025-11-29,0648,N21,VIIRS,nominal,2.0,279.24,35.15,D
-32.8282,143.5614,306.04,0.51,0.53,2025-09-22,0811,NPP,VIIRS,low,2.0,270.36,38.69,D
37.4409,-121.2361,305.74,0.49,0.5,2025-09-11,0004,N20,VIIRS,low,2.0,274.81,32.34,N
-9.6004,-54.3667,303.42,0.34,0.41,2025-01-03,1451,N20,VIIRS,low,2.0,266.81,3.57,D
-29.6531,150.6809,380.0,0.37,0.66,2025-05-12,1514,N20,VIIRS,high,2.0,330.23,7.23,D
-2.4905,20.4786,312.79,0.68,0.71,2025-01-21,0300,N20,VIIRS,low,2.0,277.49,34.9,N
37.8326,22.8674,300.28,0.36,0.49,2025-08-24,2307,NPP,VIIRS,low,2.0,269.24,13.96,N
-4.9744,19.1554,365.31,0.45,0.38,2025-05-18,1629,NPP,VIIRS,high,2.0,322.91,1.47,D
-37.4166,147.5388,329.66,0.4,0.51,2025-10-05,2323,N20,VIIRS,nominal,2.0,294.69,1.97,N
-33.56,145.4419,336.24,0.52,0.41,2025-10-16,1653,NPP,VIIRS,nominal,2.0,299.27,5.81,D
37.2996,-119.7088,313.7,0.57,0.58,2025-10-07,2359,N20,VIIRS,low,2.0,277.28,1.13,N
-31.9245,148.6128,348.55,0.63,0.69,2025-11-12,1740,NPP,VIIRS,nominal,2.0,303.38,17.01,D
35.2301,-117.6081,320.43,0.79,0.66,2025-12-13,0550,N20,VIIRS,low,2.0,281.94,22.74,N
-35.389,148.5716,305.45,0.53,0.46,2025-03-01,1558,N20,VIIRS,low,2.0,268.06,46.5,D
38.5282,-121.3024,325.18,0.79,0.67,2025-03-15,0643,NPP,VIIRS,low,2.0,291.6,7.75,D
-35.8774,147.5495,314.19,0.61,0.57,2025-07-03,0538,NPP,VIIRS,low,2.0,271.83,1.85,N
37.4202,-118.8131,335.34,0.44,0.77,2025-12-12,1352,NPP,VIIRS,nominal,2.0,297.64,6.48,D
-9.2438,-50.7591,307.26,0.67,0.6,2025-10-08,1302,NPP,VIIRS,low,2.0,275.55,13.68,D
-10.8365,-53.5617,355.28,0.74,0.63,2025-10-20,1221,NPP,VIIRS,nominal,2.0,316.38,8.15,D
39.5756,20.8033,317.52,0.72,0.43,2025-01-27,1651,N20,VIIRS,low,2.0,279.76,37.86,D
36.1712,-118.6877,309.95,0.46,0.76,2025-09-09,0702,N20,VIIRS,low,2.0,279.33,26.2,D
37.8513,21.4467,306.23,0.73,0.78,2025-06-11,2129,NPP,VIIRS,low,2.0,265.23,3.73,N
-5.4761,20.435,310.37,0.63,0.4,2025-01-11,1747,N20,VIIRS,low,2.0,280.27,14.71,D
39.2333,23.4047,309.64,0.41,0.8,2025-06-13,0611,NPP,VIIRS,low,2.0,268.42,1.45,D
37.9533,-118.7598,307.25,0.51,0.69,2025-11-09,2241,N21,VIIRS,low,2.0,269.14,14.5,N
-5.4431,-55.8257,303.42,0.34,0.53,2025-03-09,0635,N20,VIIRS,low,2.0,262.61,9.56,D
35.4624,-123.0079,347.57,0.73,0.43,2025-06-21,1628,N20,VIIRS,nominal,2.0,300.44,4.15,D
38.7576,-120.4282,369.94,0.49,0.73,2025-05-04,0708,NPP,VIIRS,high,2.0,326.31,7.6,D
40.3395,-119.2822,380.0,0.74,0.46,2025-03-06,0819,N20,VIIRS,high,2.0,334.05,2.3,D
-33.8577,148.8317,326.7,0.38,0.76,2025-06-23,0618,N20,VIIRS,nominal,2.0,288.37,7.47,D
39.8175,-120.2464,315.88,0.61,0.55,2025-02-18,0401,NPP,VIIRS,low,2.0,279.01,4.66,N
39.9583,-120.3162,300.0,0.78,0.47,2025-09-30,1408,NPP,VIIRS,low,2.0,267.99,2.1,D
-29.5223,147.3575,325.13,0.6,0.47,2025-06-03,0355,N20,VIIRS,low,2.0,285.53,4.43,N
35.0187,20.4202,306.56,0.61,0.44,2025-12-21,1020,NPP,VIIRS,low,2.0,269.11,4.28,D
36.2417,-118.9001,332.47,0.38,0.56,2025-12-07,2014,N20,VIIRS,nominal,2.0,293.26,1.32,N
-33.9531,145.3908,380.0,0.6,0.62,2025-09-01,1127,NPP,VIIRS,high,2.0,325.32,15.5,D
-2.076,19.4312,347.89,0.47,0.4,2025-06-21,0843,N21,VIIRS,nominal,2.0,296.37,38.88,D
38.4149,23.2102,380.0,0.57,0.37,2025-11-03,1631,N20,VIIRS,high,2.0,331.24,5.65,D
38.2198,18.553,306.06,0.48,0.63,2025-07-02,0014,NPP,VIIRS,low,2.0,267.24,16.62,N
-7.3658,-55.1291,317.55,0.77,0.57,2025-09-19,0739,N20,VIIRS,low,2.0,278.24,5.96,D
-5.9872,20.3262,311.9,0.69,0.77,2025-05-31,0723,N21,VIIRS,low,2.0,270.17,7.73,D
-8.5857,-54.0569,307.05,0.65,0.5,2025-08-16,1445,NPP,VIIRS,low,2.0,268.84,24.75,D
-31.3458,148.3159,343.17,0.5,0.48,2025-08-08,0253,N20,VIIRS,nominal,2.0,305.15,4.23,N
36.8271,-117.0911,350.63,0.43,0.72,2025-10-24,0113,N20,VIIRS,nominal,2.0,305.52,8.88,N
-9.1034,-53.2611,380.0,0.58,0.64,2025-10-23,0720,N20,VIIRS,high,2.0,328.42,3.64,D
37.7054,-121.8083,380.0,0.71,0.74,2025-12-04,1322,N20,VIIRS,high,2.0,340.86,4.54,D
-34.5232,147.388,305.19,0.73,0.61,2025-12-02,0902,NPP,VIIRS,low,2.0,271.86,11.83,D
-29.701,150.1412,311.21,0.63,0.5,2025-10-04,0307,NPP,VIIRS,low,2.0,274.51,4.18,N
-31.3037,145.535,372.7,0.38,0.46,2025-04-28,1531,NPP,VIIRS,high,2.0,319.34,2.41,D
38.6429,25.5757,336.28,0.59,0.48,2025-03-19,1306,NPP,VIIRS,nominal,2.0,292.96,5.06,D
-8.3788,-54.0135,318.96,0.47,0.47,2025-04-08,2005,N20,VIIRS,low,2.0,278.7,2.15,N
38.9902,-117.3786,302.81,0.71,0.38,2025-01-09,0800,N20,VIIRS,low,2.0,270.27,14.68,D
-4.2589,-59.8975,348.61,0.71,0.39,2025-03-07,0750,NPP,VIIRS,nominal,2.0,303.48,5.1,D
-6.0852,-60.995,380.0,0.64,0.52,2025-04-18,0957,NPP,VIIRS,high,2.0,325.51,16.23,D
38.0196,-121.9147,376.08,0.73,0.57,2025-05-26,0535,N20,VIIRS,high,2.0,331.29,13.9,N
-7.5876,-53.2296,314.43,0.77,0.5,2025-08-15,0437,N20,VIIRS,low,2.0,276.63,48.49,N
41.9875,-120.4402,337.07,0.34,0.79,2025-05-19,0429,NPP,VIIRS,nominal,2.0,291.35,6.01,N
-33.218,148.0688,370.39,0.65,0.5,2025-04-25,0815,N21,VIIRS,high,2.0,322.28,10.55,D
38.0457,21.282,317.38,0.68,0.51,2025-09-14,0540,NPP,VIIRS,low,2.0,284.28,3.52,N
37.9898,22.1261,344.19,0.43,0.49,2025-05-14,0037,NPP,VIIRS,nominal,2.0,302.68,3.85,N
37.5486,-118.0309,314.39,0.77,0.49,2025-06-29,1236,N20,VIIRS,low,2.0,280.03,20.83,D
-33.0641,148.067,316.66,0.64,0.5,2025-11-16,0445,NPP,VIIRS,low,2.0,276.29,3.53,N
-4.0461,23.0686,317.71,0.4,0.7,2025-11-29,1008,NPP,VIIRS,low,2.0,282.24,5.12,D
-2.9304,22.9496,318.79,0.39,0.69,2025-11-27,1641,N20,VIIRS,low,2.0,282.73,1.98,D
-7.5654,-50.8295,367.75,0.38,0.65,2025-02-20,1235,NPP,VIIRS,high,2.0,322.51,9.33,D
-2.3544,17.6896,318.25,0.75,0.6,2025-06-15,1401,NPP,VIIRS,low,2.0,281.27,17.88,D
38.6279,-120.8143,331.72,0.33,0.55,2025-01-03,1551,N21,VIIRS,nominal,2.0,294.76,64.93,D
35.7356,-119.6503,380.0,0.38,0.7,2025-04-01,2016,N20,VIIRS,high,2.0,334.13,0.66,N
-32.7732,148.918,317.55,0.75,0.43,2025-10-22,1235,NPP,VIIRS,low,2.0,280.68,4.4,D
-35.6801,148.8644,310.37,0.77,0.57,2025-09-01,0008,N20,VIIRS,low,2.0,271.63,47.63,N
-9.6673,-56.3097,335.82,0.65,0.62,2025-06-06,1427,N20,VIIRS,nominal,2.0,293.9,10.8,D
-33.201,147.8852,305.63,0.49,0.68,2025-07-18,1243,NPP,VIIRS,low,2.0,277.44,5.21,D
-30.8961,146.0039,334.44,0.48,0.73,2025-10-20,0806,NPP,VIIRS,nominal,2.0,296.11,32.09,D
-3.8633,15.8085,322.22,0.44,0.77,2025-01-18,1807,N20,VIIRS,low,2.0,285.95,8.98,D
37.1901,-120.2872,304.2,0.58,0.6,2025-07-17,2200,NPP,VIIRS,low,2.0,275.13,1.86,N
-7.8049,-55.1213,315.25,0.55,0.67,2025-05-21,0603,NPP,VIIRS,low,2.0,278.12,5.23,D
37.3313,-123.2413,340.47,0.58,0.75,2025-11-14,2016,N20,VIIRS,nominal,2.0,296.5,3.53,N
-5.3506,-55.8201,329.62,0.48,0.69,2025-09-17,1402,N20,VIIRS,nominal,2.0,296.93,0.95,D
-9.1605,-56.9589,322.96,0.49,0.73,2025-06-08,2012,N20,VIIRS,low,2.0,287.4,5.47,N
37.1943,-120.241,302.25,0.49,0.58,2025-10-07,0041,NPP,VIIRS,low,2.0,269.52,53.41,N
35.5167,22.4283,307.26,0.35,0.6,2025-05-12,1516,N20,VIIRS,low,2.0,275.42,3.6,D
-34.9313,151.2583,318.5,0.42,0.38,2025-07-18,1116,N20,VIIRS,low,2.0,281.52,3.73,D
36.2387,20.3738,302.01,0.63,0.66,2025-01-13,0608,NPP,VIIRS,low,2.0,267.15,8.54,D
-7.2213,-60.7724,348.28,0.47,0.42,2025-11-20,0042,N20,VIIRS,nominal,2.0,309.73,26.85,N
-12.1813,-56.7473,336.87,0.45,0.74,2025-02-04,2355,N21,VIIRS,nominal,2.0,300.04,4.07,N
-9.3213,-58.9063,320.57,0.59,0.54,2025-04-07,1014,NPP,VIIRS,low,2.0,281.3,9.9,D
-33.7201,146.5438,364.91,0.75,0.62,2025-02-23,2203,N20,VIIRS,high,2.0,322.7,2.72,N
-30.9191,144.0899,323.96,0.37,0.57,2025-01-15,0217,N20,VIIRS,low,2.0,285.06,,N
-7.5512,-55.1417,305.23,0.64,0.55,2025-10-05,1639,NPP,VIIRS,low,2.0,273.08,7.23,D
-33.2087,148.7866,300.0,0.55,0.66,2025-04-24,1022,NPP,VIIRS,low,2.0,257.03,1.0,D
35.2875,23.8783,328.8,0.4,0.75,2025-06-21,2129,NPP,VIIRS,nominal,2.0,287.42,22.78,N
-33.0397,147.7855,335.93,0.48,0.73,2025-11-12,1747,N20,VIIRS,nominal,2.0,295.19,27.48,D
-4.7574,-52.1642,380.0,0.44,0.41,2025-03-09,0727,N20,VIIRS,high,2.0,334.27,6.26,D
-1.1545,22.2229,309.03,0.66,0.52,2025-04-05,0457,N20,VIIRS,low,2.0,278.15,4.39,N
-10.2031,-49.4603,380.0,0.45,0.63,2025-04-15,0717,NPP,VIIRS,high,2.0,331.4,28.31,D
35.8107,-116.8204,312.02,0.52,0.66,2025-02-16,0039,NPP,VIIRS,low,2.0,273.14,5.14,N
-33.8236,148.2639,339.0,0.7,0.66,2025-01-24,1855,N20,VIIRS,nominal,2.0,298.91,2.29,D
-5.4192,-54.3259,341.83,0.46,0.46,2025-01-17,1430,N20,VIIRS,nominal,2.0,300.57,5.55,D
-33.821,151.6378,357.16,0.33,0.43,2025-08-16,0039,N20,VIIRS,high,2.0,313.97,56.07,N
-3.6182,19.9128,323.75,0.64,0.75,2025-05-07,0532,N20,VIIRS,low,2.0,288.3,3.41,N
37.7853,-119.169,363.77,0.46,0.55,2025-11-08,1550,N21,VIIRS,high,2.0,318.55,15.67,D
-35.9552,148.5152,353.13,0.57,0.42,2025-12-04,0016,NPP,VIIRS,nominal,2.0,311.74,3.88,N
38.1971,18.7061,311.58,0.38,0.43,2025-08-25,0945,NPP,VIIRS,low,2.0,277.63,5.12,D
-31.3766,148.6638,333.72,0.33,0.69,2025-06-16,0056,N20,VIIRS,nominal,2.0,295.66,4.71,N
-8.8847,-52.4175,321.33,0.46,0.61,2025-08-02,1318,N21,VIIRS,low,2.0,281.64,2.58,D
-5.4311,-50.9299,319.49,0.72,0.39,2025-11-14,0147,NPP,VIIRS,low,2.0,278.88,3.57,N
-11.2061,-52.6828,318.27,0.43,0.42,2025-06-08,0134,N20,VIIRS,low,2.0,278.05,1.86,N
37.5948,22.2397,378.43,0.6,0.63,2025-12-22,0123,NPP,VIIRS,high,2.0,331.61,7.15,N
38.0419,-120.4857,315.88,0.8,0.63,2025-05-22,1631,N20,VIIRS,low,2.0,275.69,12.22,D
37.7997,-118.645,310.71,0.38,0.4,2025-03-27,2326,NPP,VIIRS,low,2.0,285.42,2.47,N
-8.2765,-56.2318,322.0,0.68,0.38,2025-02-15,1359,N20,VIIRS,nominal,2.0,278.68,127.21,D
-7.5678,-55.8734,311.95,0.47,0.72,2025-01-01,1636,N20,VIIRS,low,2.0,277.82,1.52,D
-7.6567,-52.2812,368.39,0.37,0.47,2025-03-23,1725,NPP,VIIRS,high,2.0,326.74,11.23,D
-30.8202,146.8576,322.44,0.69,0.78,2025-10-13,2117,N20,VIIRS,low,2.0,276.91,2.12,N
37.191,23.4945,313.09,0.7,0.43,2025-10-27,2314,N20,VIIRS,low,2.0,271.09,2.0,N
-33.1785,147.9249,380.0,0.58,0.71,2025-01-14,0452,N21,VIIRS,high,2.0,330.51,13.82,N
-5.448,19.5311,334.23,0.38,0.67,2025-01-12,1821,N20,VIIRS,nominal,2.0,297.35,4.65,D
37.8761,-121.9125,301.38,0.33,0.43,2025-10-30,0303,N20,VIIRS,low,2.0,268.53,14.57,N
38.9162,26.0899,333.51,0.66,0.64,2025-12-26,0524,NPP,VIIRS,nominal,2.0,289.23,8.37,N
36.7958,20.6445,312.88,0.67,0.51,2025-10-01,1324,N20,VIIRS,low,2.0,279.01,10.4,D
-32.6788,150.7243,380.0,0.41,0.79,2025-11-02,1641,NPP,VIIRS,high,2.0,330.63,2.46,D
-30.2431,148.2316,305.96,0.52,0.5,2025-03-18,0816,NPP,VIIRS,low,2.0,269.67,5.67,D
37.8011,-120.3382,303.5,0.64,0.37,2025-07-31,1835,N20,VIIRS,low,2.0,276.28,4.8,D
38.6843,21.6369,345.39,0.68,0.58,2025-07-13,0328,N20,VIIRS,nominal,2.0,303.81,0.76,N
38.6224,-119.5976,380.0,0.68,0.45,2025-02-16,0340,NPP,VIIRS,high,2.0,334.96,1.86,N
37.8321,-119.0195,380.0,0.61,0.74,2025-10-21,0530,N20,VIIRS,high,2.0,334.28,1.36,N
40.8949,-120.3489,332.61,0.6,0.66,2025-09-25,1211,N20,VIIRS,nominal,2.0,288.69,,D
-2.8185,19.4717,338.37,0.45,0.51,2025-03-19,0258,NPP,VIIRS,nominal,2.0,293.23,1.62,N
36.6296,-119.8437,321.52,0.64,0.77,2025-08-26,1135,N20,VIIRS,low,2.0,282.57,5.0,D
38.211,25.4647,373.26,0.75,0.73,2025-07-15,1241,N21,VIIRS,high,2.0,320.13,2.35,D
39.5882,16.9599,347.53,0.32,0.39,2025-06-16,0118,NPP,VIIRS,nominal,2.0,304.73,3.98,N
37.2638,20.019,300.68,0.62,0.39,2025-09-10,0851,N20,VIIRS,low,2.0,267.06,85.52,D
-9.4251,-55.53,313.84,0.36,0.7,2025-03-22,1723,NPP,VIIRS,low,2.0,277.04,9.94,D
37.3139,23.0268,324.81,0.67,0.53,2025-04-19,1712,NPP,VIIRS,low,2.0,284.21,6.81,D
36.5341,-121.3309,380.0,0.6,0.37,2025-04-12,1206,NPP,VIIRS,high,2.0,325.23,1.95,D
-2.315,21.8119,349.64,0.56,0.51,2025-01-05,0817,N20,VIIRS,nominal,2.0,313.47,17.47,D
39.0968,-117.0422,300.99,0.45,0.73,2025-11-05,1018,N20,VIIRS,low,2.0,264.86,2.34,D
36.5591,-121.8125,320.24,0.63,0.73,2025-08-18,0244,N20,VIIRS,low,2.0,281.48,5.13,N
39.0502,25.8582,300.0,0.71,0.55,2025-02-17,1144,NPP,VIIRS,low,2.0,265.61,34.47,D
-4.7283,-55.9716,360.26,0.67,0.64,2025-07-08,1834,N20,VIIRS,nominal,2.0,318.89,2.5,D
-33.9839,150.6561,329.35,0.66,0.53,2025-07-29,0118,N20,VIIRS,nominal,2.0,286.03,1.83,N
37.8152,24.0756,378.51,0.38,0.51,2025-08-18,1447,N20,VIIRS,high,2.0,332.38,10.65,D
-6.8426,-58.9605,309.51,0.47,0.72,2025-07-06,0413,NPP,VIIRS,low,2.0,276.61,2.56,N
-33.9122,148.3629,380.0,0.4,0.38,2025-09-05,1101,N20,VIIRS,high,2.0,328.98,0.82,D
-6.1024,13.9238,302.4,0.57,0.53,2025-04-05,0449,N20,VIIRS,low,2.0,269.92,2.69,N
36.6375,-119.99,319.29,0.34,0.5,2025-03-18,0002,NPP,VIIRS,low,2.0,278.56,6.13,N
-8.1275,-51.0846,339.37,0.58,0.5,2025-04-29,0219,N21,VIIRS,nominal,2.0,291.61,4.76,N
-4.5707,-59.7172,315.39,0.4,0.56,2025-11-20,2145,NPP,VIIRS,low,2.0,283.45,36.97,N
-11.2962,-53.3363,334.1,0.49,0.73,2025-03-05,0330,NPP,VIIRS,nominal,2.0,292.1,3.02,N
-4.7344,20.6902,332.15,0.72,0.37,2025-04-30,2319,N20,VIIRS,nominal,2.0,288.85,0.69,N
39.9023,-118.8667,380.0,0.74,0.71,2025-12-08,2125,NPP,VIIRS,high,2.0,330.11,4.32,N
38.6976,-124.0516,307.95,0.68,0.77,2025-05-17,1455,NPP,VIIRS,low,2.0,272.59,30.22,D
-3.7296,19.217,341.0,0.33,0.73,2025-03-27,0519,NPP,VIIRS,nominal,2.0,296.28,5.97,N
38.5797,21.1927,306.28,0.75,0.79,2025-06-05,0833,N20,VIIRS,low,2.0,272.71,9.09,D
-10.4083,-56.0603,305.0,0.5,0.79,2025-06-13,0600,NPP,VIIRS,low,2.0,263.64,2.68,D
-32.6301,148.9055,369.01,0.33,0.65,2025-12-01,0801,NPP,VIIRS,high,2.0,316.37,45.68,D
-31.4864,149.2249,318.36,0.48,0.41,2025-06-01,0126,NPP,VIIRS,low,2.0,283.09,17.26,N
-32.7061,146.9557,333.53,0.45,0.79,2025-12-31,0303,N20,VIIRS,nominal,2.0,291.47,21.6,N
-6.1834,19.071,380.0,0.54,0.42,2025-09-07,1340,NPP,VIIRS,high,2.0,333.98,1.71,D
-5.87,-52.5653,335.85,0.65,0.53,2025-02-26,0605,N20,VIIRS,nominal,2.0,293.99,4.68,D
-3.7386,19.6603,305.65,0.54,0.78,2025-02-16,2047,N21,VIIRS,low,2.0,275.48,9.43,N
39.9541,-119.7857,359.71,0.34,0.59,2025-08-05,2247,N21,VIIRS,high,2.0,322.83,32.19,N
-5.3127,-54.0942,333.41,0.4,0.6,2025-01-26,1949,N20,VIIRS,nominal,2.0,289.91,5.11,N
-3.7789,18.4968,357.36,0.52,0.44,2025-06-25,0026,NPP,VIIRS,nominal,2.0,314.22,2.7,N
-31.9987,148.0995,324.63,0.71,0.66,2025-09-04,0907,N20,VIIRS,low,2.0,284.45,8.81,D
39.2963,23.0211,329.03,0.6,0.73,2025-11-30,0654,N21,VIIRS,nominal,2.0,292.17,5.34,D
-32.9113,144.5086,380.0,0.48,0.6,2025-08-21,1109,N20,VIIRS,high,2.0,329.9,2.66,D
-4.8194,21.7096,302.18,0.72,0.49,2025-01-14,1006,N20,VIIRS,low,2.0,270.83,4.89,D
-11.3407,-49.5469,312.87,0.63,0.72,2025-02-08,1401,N20,VIIRS,low,2.0,278.79,26.25,D
-6.7633,-57.6697,380.0,0.74,0.63,2025-03-16,1800,N20,VIIRS,high,2.0,333.38,47.5,D
37.676,-120.8453,310.03,0.33,0.55,2025-10-28,1623,N20,VIIRS,low,2.0,275.87,27.99,D
38.3989,-118.3279,339.74,0.7,0.7,2025-06-11,1506,N20,VIIRS,nominal,2.0,295.75,4.58,D
39.0504,23.6562,330.38,0.71,0.73,2025-05-28,0322,NPP,VIIRS,nominal,2.0,289.78,1.81,N
-8.2656,-57.8693,305.49,0.48,0.75,2025-04-25,0602,N20,VIIRS,low,2.0,272.15,4.02,D
37.1198,-120.2352,366.79,0.57,0.65,2025-04-10,2217,NPP,VIIRS,high,2.0,315.84,40.36,N
-8.0057,-56.7395,345.69,0.4,0.78,2025-07-22,2324,NPP,VIIRS,nominal,2.0,305.98,17.21,N
-11.278,-55.4767,345.76,0.65,0.68,2025-05-26,1635,NPP,VIIRS,nominal,2.0,295.31,3.87,D
-31.0722,147.9598,309.12,0.61,0.64,2025-08-28,0343,NPP,VIIRS,low,2.0,280.04,6.89,N
-35.4223,149.4615,306.21,0.32,0.39,2025-10-21,2138,N20,VIIRS,low,2.0,265.97,19.95,N
36.8235,-118.8456,343.36,0.38,0.54,2025-11-22,1735,N20,VIIRS,nominal,2.0,304.09,13.38,D
38.4745,-119.2589,319.52,0.46,0.47,2025-06-14,0840,N21,VIIRS,low,2.0,285.25,3.16,D
-2.5419,20.8428,316.4,0.77,0.48,2025-12-13,0727,N20,VIIRS,low,2.0,276.82,2.32,D
40.7651,25.4607,345.4,0.64,0.39,2025-12-07,2113,N21,VIIRS,nominal,2.0,304.81,1.23,N
38.4454,-120.8147,318.14,0.72,0.5,2025-07-12,0106,NPP,VIIRS,low,2.0,283.0,6.96,N
41.6453,23.4954,331.44,0.39,0.39,2025-11-18,0705,N20,VIIRS,nominal,2.0,297.44,1.21,D
-4.023,22.4736,351.35,0.33,0.39,2025-08-15,0350,N20,VIIRS,high,2.0,302.28,57.26,N
39.3401,24.4648,334.39,0.6,0.72,2025-07-04,1420,NPP,VIIRS,nominal,2.0,293.23,2.63,D
-7.5086,-52.5492,368.06,0.39,0.43,2025-06-17,2058,NPP,VIIRS,high,2.0,318.98,30.03,N
38.6946,21.5243,345.29,0.63,0.62,2025-08-10,2253,N20,VIIRS,nominal,2.0,298.2,28.52,N
-32.2208,143.5592,312.01,0.58,0.52,2025-06-13,1055,NPP,VIIRS,low,2.0,273.71,4.14,D
-34.0902,151.6335,304.24,0.58,0.43,2025-07-05,0940,NPP,VIIRS,low,2.0,271.63,71.7,D
41.7585,-121.1457,380.0,0.7,0.53,2025-03-03,0926,N20,VIIRS,high,2.0,334.17,17.73,D
-6.1563,-54.3107,329.64,0.51,0.54,2025-07-25,1952,N20,VIIRS,nominal,2.0,295.28,2.05,N
-11.3491,-57.2653,342.32,0.59,0.7,2025-11-17,1109,N20,VIIRS,nominal,2.0,304.27,17.98,D
36.559,-118.9786,351.85,0.75,0.63,2025-04-05,1847,N20,VIIRS,nominal,2.0,309.41,3.0,D
37.2349,23.9693,322.59,0.56,0.37,2025-04-09,1209,N20,VIIRS,low,2.0,277.67,15.92,D
-7.0856,19.6145,321.88,0.4,0.67,2025-12-10,0342,NPP,VIIRS,low,2.0,279.53,1.84,N
40.3932,24.2772,347.58,0.63,0.75,2025-02-15,1434,N20,VIIRS,nominal,2.0,306.02,0.51,D
-10.4781,-53.7266,326.45,0.34,0.56,2025-10-17,0846,NPP,VIIRS,low,2.0,280.14,2.82,D
34.641,-118.9068,321.08,0.75,0.7,2025-05-02,1849,NPP,VIIRS,low,2.0,276.04,4.15,D
38.4918,-120.3964,303.77,0.63,0.56,2025-03-20,1817,N21,VIIRS,low,2.0,269.05,20.73,D
39.2582,-120.8953,320.39,0.48,0.53,2025-07-03,2106,N20,VIIRS,low,2.0,280.58,27.98,N
-2.9182,22.1028,367.53,0.4,0.5,2025-11-28,0830,N20,VIIRS,high,2.0,325.98,2.49,D
39.8599,23.5415,323.75,0.4,0.48,2025-10-13,1520,NPP,VIIRS,low,2.0,288.78,14.23,D
-30.4815,150.2929,329.01,0.66,0.45,2025-12-09,0509,N20,VIIRS,nominal,2.0,288.82,12.16,N
38.9528,-120.9438,319.79,0.47,0.6,2025-03-01,1343,N20,VIIRS,low,2.0,283.25,23.98,D
-32.0363,149.0945,323.32,0.64,0.55,2025-01-26,2146,NPP,VIIRS,low,2.0,291.54,6.19,N
35.8429,-119.9749,323.87,0.77,0.76,2025-10-16,0529,N20,VIIRS,nominal,2.0,279.85,18.01,N
-30.5636,150.1147,368.09,0.74,0.49,2025-02-13,0010,NPP,VIIRS,high,2.0,325.13,1.15,N
-29.8389,145.9698,319.95,0.65,0.5,2025-12-26,0809,N20,VIIRS,low,2.0,275.84,1.53,D
37.8002,-119.9749,332.85,0.63,0.76,2025-03-16,2116,NPP,VIIRS,nominal,2.0,289.45,44.58,N
36.4277,22.4434,358.37,0.36,0.49,2025-09-11,2307,NPP,VIIRS,nominal,2.0,307.37,9.86,N
-2.0272,18.2913,337.14,0.59,0.71,2025-02-14,1502,NPP,VIIRS,nominal,2.0,293.86,9.57,D
-31.5813,148.0389,345.85,0.79,0.36,2025-06-05,2219,N20,VIIRS,nominal,2.0,306.59,8.96,N
36.8176,-118.9563,338.47,0.55,0.71,2025-11-16,1942,NPP,VIIRS,nominal,2.0,294.9,23.25,N
-3.9578,17.2854,320.67,0.34,0.72,2025-02-21,2010,N21,VIIRS,low,2.0,289.34,5.3,N
-4.3166,19.5588,312.58,0.54,0.79,2025-04-16,1658,N20,VIIRS,low,2.0,277.62,12.91,D
-29.6216,151.3398,344.49,0.44,0.79,2025-03-15,1109,N20,VIIRS,nominal,2.0,299.93,11.71,D
-4.4281,20.9106,352.86,0.4,0.53,2025-06-20,2324,N20,VIIRS,nominal,2.0,314.69,11.93,N
36.0868,20.3061,364.47,0.63,0.66,2025-03-21,0949,N20,VIIRS,high,2.0,318.65,1.09,D
-9.9589,-54.7499,337.55,0.59,0.42,2025-08-09,0149,N20,VIIRS,nominal,2.0,301.69,6.02,N
36.559,-118.9786,351.85,0.75,0.63,2025-04-05,1847,N20,VIIRS,nominal,2.0,309.41,3.0,D
-6.6657,-61.0958,376.74,0.78,0.51,2025-11-04,0729,NPP,VIIRS,high,2.0,329.49,7.5,D
-30.8104,146.388,380.0,0.45,0.7,2025-12-17,2010,N21,VIIRS,high,2.0,332.53,19.34,N
-32.8165,148.5045,337.63,0.77,0.5,2025-09-30,0744,N20,VIIRS,nominal,2.0,292.28,5.24,D
37.9087,-118.1056,315.62,0.72,0.71,2025-07-02,1251,N20,VIIRS,low,2.0,280.31,9.9,D
-2.1841,20.2964,344.42,0.51,0.54,2025-04-02,0512,N20,VIIRS,nominal,2.0,305.57,12.11,N
-6.6147,16.1651,324.5,0.37,0.54,2025-03-14,1116,N20,VIIRS,low,2.0,283.53,2.03,D
40.4485,-121.245,368.56,0.79,0.41,2025-04-12,0605,NPP,VIIRS,high,2.0,317.21,22.75,D
36.546,-117.3048,315.85,0.77,0.49,2025-11-24,1721,N20,VIIRS,low,2.0,281.13,6.83,D
-4.3535,16.2833,332.16,0.65,0.52,2025-08-10,1301,N20,VIIRS,nominal,2.0,285.45,1.75,D
-31.0444,143.7887,354.85,0.52,0.63,2025-04-16,2337,N20,VIIRS,nominal,2.0,310.16,2.51,N
40.2837,-120.6711,320.43,0.33,0.37,2025-02-01,1738,NPP,VIIRS,low,2.0,287.42,5.42,D
-33.659,151.3497,380.0,0.68,0.4,2025-10-09,1829,N20,VIIRS,high,2.0,329.67,26.12,D
-2.2199,18.5426,311.25,0.54,0.67,2025-10-21,1640,N20,VIIRS,low,2.0,271.95,14.14,D
37.7905,-118.1948,338.87,0.36,0.79,2025-02-15,1342,N20,VIIRS,nominal,2.0,295.15,13.4,D
-33.7754,147.1728,313.14,0.59,0.54,2025-05-30,1442,N20,VIIRS,low,2.0,276.06,1.01,D
-6.5401,20.6887,305.14,0.69,0.75,2025-09-16,0257,N20,VIIRS,low,2.0,272.84,5.42,N
-2.1279,21.8646,316.62,0.56,0.51,2025-05-24,1209,N20,VIIRS,low,2.0,277.73,6.2,D
-3.1807,20.8567,348.74,0.76,0.65,2025-08-22,0641,N20,VIIRS,nominal,2.0,307.46,8.28,D
39.0306,-119.8688,300.0,0.48,0.63,2025-08-01,2334,N20,VIIRS,low,2.0,273.7,3.93,N
-0.8116,20.2485,306.39,0.62,0.75,2025-12-23,0102,NPP,VIIRS,low,2.0,270.35,2.98,N
33.8333,-119.6817,321.93,0.78,0.44,2025-08-16,1332,NPP,VIIRS,low,2.0,285.14,17.05,D
37.915,-120.8816,317.05,0.64,0.52,2025-09-02,0407,N20,VIIRS,low,2.0,282.31,0.59,N
-4.6375,17.5285,380.0,0.64,0.57,2025-03-21,1614,N20,VIIRS,high,2.0,326.06,20.32,D
-33.5688,151.1812,372.56,0.61,0.69,2025-01-05,1409,N20,VIIRS,high,2.0,323.63,9.53,D
38.5378,-120.364,340.41,0.66,0.65,2025-12-11,1634,N20,VIIRS,nominal,2.0,302.0,7.56,D
37.7026,22.8804,300.0,0.53,0.62,2025-02-25,0453,N20,VIIRS,low,2.0,260.46,6.72,N
-10.4203,-61.6749,305.56,0.39,0.76,2025-01-28,1428,NPP,VIIRS,low,2.0,264.72,13.11,D
36.0281,-118.4761,364.99,0.36,0.66,2025-07-10,0049,NPP,VIIRS,high,2.0,315.99,46.87,N
36.8656,-116.8748,356.71,0.73,0.8,2025-05-22,0141,NPP,VIIRS,nominal,2.0,314.18,5.54,N
-5.5108,-57.9136,301.36,0.47,0.69,2025-02-07,1827,N20,VIIRS,low,2.0,267.64,2.34,D
-10.1427,-53.3564,380.0,0.74,0.76,2025-11-25,2333,NPP,VIIRS,high,2.0,334.23,74.54,N
-5.564,18.1767,300.0,0.41,0.79,2025-01-22,2024,NPP,VIIRS,low,2.0,263.07,12.22,N
36.9803,-119.2666,317.63,0.72,0.52,2025-05-05,0923,NPP,VIIRS,low,2.0,276.63,0.86,D
39.5301,-116.2805,380.0,0.62,0.73,2025-08-06,1002,NPP,VIIRS,high,2.0,333.84,6.37,D
37.4509,-123.3373,380.0,0.55,0.72,2025-03-13,1434,N20,VIIRS,high,2.0,336.79,7.79,D
40.8882,24.7463,354.07,0.42,0.64,2025-08-11,0644,NPP,VIIRS,nominal,2.0,302.36,7.79,D
38.6694,-117.7574,311.14,0.68,0.75,2025-09-20,1441,N21,VIIRS,low,2.0,276.74,24.63,D
38.6813,-119.3309,309.77,0.36,0.47,2025-09-03,0724,N20,VIIRS,low,2.0,275.29,11.62,D
38.34,20.2271,318.56,0.51,0.58,2025-12-18,1256,NPP,VIIRS,low,2.0,279.21,14.64,D
39.3272,-120.3101,373.09,0.36,0.71,2025-04-04,1923,NPP,VIIRS,high,2.0,325.32,3.43,N
-32.9696,146.0504,307.59,0.65,0.65,2025-04-26,0102,NPP,VIIRS,low,2.0,278.05,12.04,N
-7.9163,-59.4016,328.99,0.49,0.5,2025-09-19,1157,N21,VIIRS,nominal,2.0,293.48,7.31,D
37.8513,-120.3832,346.09,0.8,0.7,2025-09-12,1426,N20,VIIRS,nominal,2.0,304.88,3.43,D
38.3451,24.4142,343.84,0.49,0.48,2025-07-25,0154,NPP,VIIRS,nominal,2.0,297.87,2.52,N
-36.2318,148.5993,316.29,0.49,0.79,2025-07-12,0109,N20,VIIRS,low,2.0,284.75,26.85,N
-8.6595,-62.044,316.34,0.41,0.8,2025-08-08,0354,N21,VIIRS,low,2.0,281.09,2.4,N
38.6022,23.5039,380.0,0.35,0.53,2025-10-15,1833,NPP,VIIRS,high,2.0,340.07,19.37,D
37.57,21.0689,349.01,0.59,0.56,2025-12-08,0156,NPP,VIIRS,nominal,2.0,306.34,1.35,N
-9.9738,-51.4127,303.32,0.61,0.54,2025-11-29,1643,N20,VIIRS,low,2.0,276.24,4.04,D
-34.0753,149.3108,315.35,0.77,0.71,2025-05-02,2055,NPP,VIIRS,low,2.0,283.3,5.74,N
35.3888,-121.4479,307.92,0.59,0.38,2025-07-31,1256,N20,VIIRS,low,2.0,265.83,6.77,D
37.8065,20.4123,326.28,0.75,0.5,2025-07-27,0801,NPP,VIIRS,nominal,2.0,291.99,7.3,D
-12.5872,-54.7025,344.01,0.49,0.7,2025-05-08,1954,N20,VIIRS,nominal,2.0,295.23,28.56,N
40.5982,-119.3869,339.71,0.77,0.51,2025-07-24,1728,NPP,VIIRS,nominal,2.0,295.55,2.19,D
-31.0432,149.0443,306.65,0.63,0.67,2025-01-11,1025,NPP,VIIRS,low,2.0,270.36,1.04,D
40.9901,-119.3285,325.69,0.34,0.69,2025-04-11,1454,NPP,VIIRS,nominal,2.0,291.87,8.85,D
-31.7292,145.5215,344.2,0.56,0.56,2025-09-07,0310,N20,VIIRS,nominal,2.0,302.9,2.17,N
-3.5664,17.3665,301.98,0.43,0.39,2025-12-27,0047,N21,VIIRS,low,2.0,270.06,1.68,N
34.6555,-120.2724,327.75,0.32,0.78,2025-07-12,2318,NPP,VIIRS,nominal,2.0,292.68,2.6,N
-12.4166,-50.7499,333.88,0.43,0.65,2025-02-23,0939,NPP,VIIRS,nominal,2.0,286.96,22.11,D
37.701,-122.6088,358.81,0.53,0.62,2025-06-03,1504,N20,VIIRS,nominal,2.0,312.55,12.89,D
35.7688,-118.3138,336.64,0.36,0.67,2025-05-24,0155,N20,VIIRS,nominal,2.0,300.69,5.25,N
-33.4554,149.431,326.5,0.72,0.74,2025-03-20,1508,NPP,VIIRS,low,2.0,287.32,2.35,D
-7.4593,-56.1825,341.34,0.47,0.45,2025-02-03,2025,N20,VIIRS,nominal,2.0,293.98,7.28,N
-7.0289,20.7718,324.81,0.32,0.54,2025-09-25,1752,NPP,VIIRS,low,2.0,296.19,3.1,D
-33.8272,151.7754,331.06,0.63,0.52,2025-03-15,0925,NPP,VIIRS,nominal,2.0,294.88,5.59,D
-3.7859,19.1716,380.0,0.34,0.41,2025-05-26,2124,NPP,VIIRS,high,2.0,330.95,6.69,N
38.5606,-121.3509,380.0,0.78,0.55,2025-05-08,1153,N20,VIIRS,high,2.0,326.27,3.67,D
-4.5121,-55.2503,362.01,0.5,0.7,2025-03-08,1432,NPP,VIIRS,nominal,2.0,316.02,1.81,D
-3.609,19.7628,346.83,0.53,0.38,2025-03-30,1254,NPP,VIIRS,nominal,2.0,306.1,12.54,D
38.7886,-118.6662,304.75,0.77,0.44,2025-04-30,1244,N20,VIIRS,low,2.0,274.0,3.78,D
-3.9249,19.2447,316.91,0.48,0.42,2025-07-26,1303,N20,VIIRS,low,2.0,282.49,1.02,D
37.7769,-120.7203,326.22,0.73,0.63,2025-12-28,0802,N20,VIIRS,low,2.0,290.05,1.44,D
-3.4325,17.6291,342.82,0.41,0.78,2025-02-07,1908,N20,VIIRS,nominal,2.0,303.81,2.83,N
-9.83,-51.6838,380.0,0.42,0.44,2025-12-05,1858,N20,VIIRS,high,2.0,324.8,3.22,D
37.9415,-118.9446,305.04,0.6,0.57,2025-03-07,0400,N20,VIIRS,low,2.0,267.47,1.54,N
36.8678,-121.1395,310.02,0.5,0.67,2025-01-30,0853,NPP,VIIRS,low,2.0,271.24,8.47,D
-30.0958,148.0283,305.03,0.34,0.39,2025-11-14,1537,N20,VIIRS,low,2.0,271.34,7.42,D
37.8684,-119.5097,311.51,0.36,0.79,2025-09-06,1727,NPP,VIIRS,low,2.0,275.87,2.09,D
-34.2286,146.5804,302.09,0.61,0.55,2025-12-24,0206,N21,VIIRS,low,2.0,267.36,1.49,N
-30.8549,150.8575,322.75,0.58,0.43,2025-08-04,2252,N20,VIIRS,low,2.0,287.16,8.76,N
-30.6228,151.6987,307.89,0.58,0.54,2025-02-19,1924,N20,VIIRS,low,2.0,274.93,1.29,N
-5.5956,-56.5922,307.77,0.67,0.48,2025-01-16,0330,N21,VIIRS,low,2.0,273.06,11.13,N
-9.1705,-51.5621,325.51,0.48,0.44,2025-07-23,0933,N20,VIIRS,nominal,2.0,290.42,53.14,D
-33.6355,148.2332,329.09,0.62,0.77,2025-11-22,0401,N20,VIIRS,nominal,2.0,289.4,5.43,N
38.2423,-120.4683,307.29,0.58,0.71,2025-08-11,1615,N20,VIIRS,low,2.0,273.93,7.9,D
-32.5627,147.1074,380.0,0.73,0.41,2025-07-21,2238,NPP,VIIRS,high,2.0,332.01,1.2,N
39.1473,23.143,304.79,0.41,0.69,2025-12-22,1619,N20,VIIRS,low,2.0,274.38,7.05,D
-10.9464,-56.8921,306.17,0.64,0.71,2025-12-28,0355,N20,VIIRS,low,2.0,269.48,1.69,N
36.3057,-117.6293,300.98,0.67,0.61,2025-01-02,0819,N20,VIIRS,low,2.0,266.2,3.96,D
-12.0384,-58.2769,330.96,0.58,0.55,2025-02-12,1831,N20,VIIRS,nominal,2.0,288.64,10.59,D
-9.4088,18.4883,309.43,0.73,0.76,2025-12-19,1339,N20,VIIRS,low,2.0,266.06,10.13,D
-4.2553,18.6545,372.24,0.79,0.49,2025-09-07,1421,N20,VIIRS,high,2.0,327.57,2.21,D
-6.9024,-48.2857,327.69,0.54,0.47,2025-10-18,0847,NPP,VIIRS,nominal,2.0,284.29,12.77,D
-30.4159,146.5017,380.0,0.47,0.54,2025-12-30,1320,NPP,VIIRS,high,2.0,335.39,18.15,D
-6.2604,25.788,329.93,0.37,0.48,2025-06-04,0704,NPP,VIIRS,nominal,2.0,289.15,14.33,D
-32.9551,149.0942,380.0,0.62,0.65,2025-06-10,1419,NPP,VIIRS,high,2.0,336.9,1.68,D
-31.5937,152.9969,324.29,0.4,0.75,2025-11-05,0030,N21,VIIRS,low,2.0,289.87,1.63,N
-9.3593,-52.3388,316.17,0.56,0.49,2025-09-06,0239,N20,VIIRS,low,2.0,274.87,11.43,N
-31.8277,147.1752,303.08,0.66,0.66,2025-03-06,0416,N20,VIIRS,low,2.0,265.25,0.91,N
39.3331,-121.0084,300.0,0.72,0.76,2025-02-11,0003,NPP,VIIRS,low,2.0,265.74,10.11,N
-33.3916,145.9155,336.79,0.49,0.41,2025-07-26,0228,N20,VIIRS,nominal,2.0,303.44,2.58,N
-1.5284,17.4295,380.0,0.44,0.77,2025-11-09,0349,NPP,VIIRS,high,2.0,327.13,1.74,N
40.9533,19.8957,300.0,0.6,0.65,2025-02-18,0214,N20,VIIRS,low,2.0,269.72,0.5,N
39.1272,-118.7375,356.81,0.69,0.46,2025-04-18,0322,N20,VIIRS,nominal,2.0,313.79,0.87,N
37.9701,-120.6216,310.75,0.75,0.76,2025-06-19,1709,N20,VIIRS,low,2.0,274.37,2.01,D
38.7601,18.5604,340.03,0.68,0.75,2025-06-17,0506,NPP,VIIRS,nominal,2.0,299.42,13.51,N
-3.4855,19.1733,316.2,0.57,0.43,2025-04-04,2107,NPP,VIIRS,low,2.0,283.15,13.8,N
-6.8803,-50.6921,353.14,0.6,0.68,2025-04-14,2246,NPP,VIIRS,high,2.0,313.94,63.04,N
-8.3608,-56.0454,380.0,0.56,0.5,2025-04-17,2334,NPP,VIIRS,high,2.0,338.04,50.5,N
37.5401,-119.5403,318.25,0.5,0.47,2025-07-07,0320,N20,VIIRS,low,2.0,276.26,13.68,N
37.991,-118.93,304.28,0.45,0.7,2025-04-17,1710,N21,VIIRS,low,2.0,267.19,12.37,D
40.7822,-118.4338,380.0,0.62,0.73,2025-12-09,1518,NPP,VIIRS,high,2.0,344.46,1.39,D
-32.1828,147.3844,355.89,0.43,0.42,2025-03-09,0044,NPP,VIIRS,nominal,2.0,320.66,8.41,N
-6.4628,-55.6096,302.4,0.48,0.48,2025-03-14,1154,NPP,VIIRS,low,2.0,268.52,3.04,D
37.3646,-120.0664,380.0,0.58,0.51,2025-09-06,0822,N21,VIIRS,high,2.0,326.57,75.44,D
-32.014,147.885,317.33,0.52,0.47,2025-12-10,0342,NPP,VIIRS,low,2.0,274.82,0.5,N
-4.3765,22.8635,324.24,0.53,0.68,2025-05-20,1236,NPP,VIIRS,nominal,2.0,279.17,23.35,D
38.2262,24.0203,348.12,0.7,0.63,2025-09-28,1105,NPP,VIIRS,nominal,2.0,301.05,2.25,D
37.234,-119.4248,373.02,0.45,0.69,2025-12-23,1529,N20,VIIRS,high,2.0,328.85,0.5,D
-0.0159,24.4014,334.91,0.35,0.78,2025-09-01,0820,N20,VIIRS,nominal,2.0,297.95,5.03,D
-2.6675,21.3871,345.3,0.7,0.59,2025-08-05,2251,NPP,VIIRS,nominal,2.0,299.71,9.89,N
-31.5127,147.5902,316.1,0.77,0.71,2025-02-10,0034,NPP,VIIRS,low,2.0,278.67,15.52,N
-8.722,-60.2074,300.0,0.78,0.74,2025-07-24,0558,NPP,VIIRS,low,2.0,270.99,4.76,N
-7.18,-55.8682,380.0,0.53,0.37,2025-08-15,0913,NPP,VIIRS,high,2.0,331.98,1.54,D
-30.4579,146.0399,322.64,0.54,0.43,2025-06-06,1447,NPP,VIIRS,low,2.0,281.57,19.82,D
-9.3673,-56.145,332.05,0.47,0.51,2025-04-04,1145,N20,VIIRS,nominal,2.0,287.71,12.72,D
-33.6602,147.5767,309.02,0.44,0.45,2025-09-05,0843,N20,VIIRS,low,2.0,269.17,0.5,D
39.0934,20.5507,336.73,0.67,0.6,2025-08-04,1502,N20,VIIRS,nominal,2.0,287.06,37.14,D
-34.4683,148.164,309.01,0.52,0.54,2025-07-13,0957,NPP,VIIRS,low,2.0,277.06,2.59,D
-9.4133,-57.6792,321.92,0.42,0.6,2025-08-17,0104,NPP,VIIRS,low,2.0,288.9,4.66,N
-12.7119,-53.5254,326.36,0.71,0.37,2025-02-24,0029,NPP,VIIRS,nominal,2.0,281.45,22.42,N
-10.2775,-57.9021,371.28,0.36,0.78,2025-10-12,0831,N21,VIIRS,high,2.0,323.54,27.5,D
36.6651,-118.7776,322.12,0.36,0.4,2025-10-28,1914,N20,VIIRS,low,2.0,277.15,9.34,N
-5.1656,-53.7095,380.0,0.68,0.76,2025-10-10,2258,NPP,VIIRS,high,2.0,331.3,4.4,N
-1.4848,20.9745,324.39,0.37,0.6,2025-09-08,0324,NPP,VIIRS,low,2.0,279.95,9.92,N
38.2021,-120.7506,332.46,0.48,0.43,2025-05-12,0134,NPP,VIIRS,nominal,2.0,288.95,18.75,N
38.4335,20.6234,306.14,0.39,0.58,2025-05-21,2352,NPP,VIIRS,low,2.0,271.9,1.23,N
-9.0296,-51.9127,327.55,0.6,0.63,2025-09-19,0329,N20,VIIRS,nominal,2.0,287.3,9.55,N
37.7271,23.0185,311.85,0.4,0.38,2025-05-17,1144,N20,VIIRS,low,2.0,284.41,10.2,D
-7.7973,-58.4216,318.85,0.5,0.59,2025-09-12,2328,N20,VIIRS,low,2.0,280.69,7.64,N
-31.0692,150.4723,380.0,0.63,0.52,2025-05-21,0152,NPP,VIIRS,high,2.0,325.62,1.54,N
-1.2456,22.4481,334.86,0.35,0.4,2025-12-27,1617,N21,VIIRS,nominal,2.0,290.13,0.98,D
-7.48,-55.9707,328.37,0.56,0.77,2025-11-16,0305,N20,VIIRS,nominal,2.0,290.23,7.28,N
40.6774,21.8054,380.0,0.61,0.57,2025-07-27,0704,N20,VIIRS,high,2.0,333.53,2.96,D
-34.1996,144.8824,380.0,0.7,0.65,2025-11-09,2126,N20,VIIRS,high,2.0,331.17,3.82,N
-30.7007,148.5932,311.04,0.75,0.47,2025-01-14,0026,N21,VIIRS,low,2.0,271.23,5.94,N
38.3132,23.4125,301.64,0.47,0.65,2025-08-29,0622,N20,VIIRS,low,2.0,264.55,9.91,D
-11.7632,-59.7759,350.86,0.38,0.61,2025-03-10,2215,NPP,VIIRS,nominal,2.0,305.08,1.0,N
-5.0012,-59.2649,380.0,0.69,0.61,2025-02-27,2053,NPP,VIIRS,high,2.0,335.57,39.56,N
-11.7708,-51.5392,329.93,0.58,0.45,2025-05-11,0444,N20,VIIRS,nominal,2.0,291.04,0.5,N
-4.204,17.9782,380.0,0.59,0.71,2025-09-30,0205,N20,VIIRS,high,2.0,334.43,3.9,N
-4.7298,-49.75,307.31,0.5,0.79,2025-08-03,1557,N20,VIIRS,low,2.0,274.61,41.09,D
39.9463,23.6325,310.26,0.73,0.42,2025-01-13,0255,NPP,VIIRS,low,2.0,275.19,3.4,N
39.3548,-123.4036,311.31,0.33,0.58,2025-10-06,0827,NPP,VIIRS,low,2.0,272.32,2.19,D
-8.4396,-56.1414,315.55,0.48,0.76,2025-02-12,0020,NPP,VIIRS,low,2.0,276.97,10.5,N
-33.053,146.2363,317.17,0.78,0.65,2025-07-02,1320,NPP,VIIRS,low,2.0,282.2,12.2,D
-6.3183,-45.9931,348.24,0.67,0.44,2025-09-28,2031,NPP,VIIRS,nominal,2.0,302.28,7.28,N
38.9735,23.64,311.41,0.5,0.42,2025-11-13,0637,NPP,VIIRS,low,2.0,278.85,9.28,D
38.8888,-121.4699,343.44,0.47,0.59,2025-05-30,1032,N20,VIIRS,nominal,2.0,306.6,47.45,D
-7.0549,-61.1686,324.92,0.6,0.72,2025-10-31,1749,NPP,VIIRS,low,2.0,278.55,7.06,D
-36.6594,149.2319,328.69,0.32,0.53,2025-12-25,0133,N20,VIIRS,nominal,2.0,288.49,21.1,N
-8.4566,-59.7918,314.97,0.44,0.51,2025-10-21,0504,N20,VIIRS,low,2.0,274.98,1.92,N
-7.1875,-58.0014,370.62,0.59,0.43,2025-01-17,2135,NPP,VIIRS,high,2.0,328.3,0.74,N
33.1688,-119.7058,376.56,0.41,0.57,2025-02-15,0247,NPP,VIIRS,high,2.0,333.54,2.77,N
-6.4704,-49.8278,316.6,0.51,0.46,2025-02-19,0948,NPP,VIIRS,low,2.0,279.31,4.05,D
39.0913,-119.7981,311.21,0.35,0.72,2025-05-11,1352,N20,VIIRS,low,2.0,275.37,6.7,D
-33.7437,146.5431,307.1,0.41,0.47,2025-10-21,1442,NPP,VIIRS,low,2.0,269.52,3.36,D
-2.3518,19.606,300.0,0.71,0.73,2025-01-12,0736,N20,VIIRS,low,2.0,264.2,4.61,D
36.0461,19.7692,328.12,0.5,0.72,2025-03-19,0715,N20,VIIRS,nominal,2.0,296.14,7.69,D
37.3602,-121.1923,350.92,0.5,0.45,2025-02-22,0203,NPP,VIIRS,nominal,2.0,311.42,6.13,N
38.8138,-120.6885,304.88,0.56,0.79,2025-06-24,0457,NPP,VIIRS,low,2.0,265.73,10.26,N
-31.8024,149.3367,334.45,0.43,0.53,2025-11-22,1911,NPP,VIIRS,nominal,2.0,291.7,0.5,N
35.8527,19.3188,335.66,0.62,0.66,2025-03-25,2253,NPP,VIIRS,nominal,2.0,294.32,6.04,N
-4.1776,-54.9381,323.83,0.46,0.4,2025-08-12,1215,NPP,VIIRS,low,2.0,282.75,2.17,D
-33.2216,147.2235,325.11,0.41,0.42,2025-04-17,1607,NPP,VIIRS,low,2.0,283.48,1.65,D
-4.2762,21.4187,360.2,0.7,0.5,2025-11-03,1112,NPP,VIIRS,nominal,2.0,304.71,3.23,D
-10.6151,-57.5112,380.0,0.5,0.69,2025-07-26,0554,NPP,VIIRS,high,2.0,328.24,38.42,N
-31.2262,147.1585,339.26,0.66,0.75,2025-08-24,2200,N20,VIIRS,nominal,2.0,298.52,7.34,N
39.8835,-119.7812,317.08,0.49,0.51,2025-08-30,1902,NPP,VIIRS,low,2.0,278.27,16.96,N
38.419,24.0506,303.07,0.6,0.65,2025-06-04,1655,NPP,VIIRS,low,2.0,275.4,3.66,D
38.9851,22.7368,345.78,0.54,0.44,2025-04-17,1737,N21,VIIRS,nominal,2.0,308.18,3.97,D
-32.679,152.4251,380.0,0.54,0.39,2025-07-04,1504,NPP,VIIRS,high,2.0,334.77,1.03,D
38.3711,24.4039,314.41,0.56,0.63,2025-03-25,0220,NPP,VIIRS,low,2.0,282.7,18.39,N
37.5292,-117.8295,307.21,0.57,0.73,2025-02-09,1513,NPP,VIIRS,low,2.0,279.83,12.89,D
36.9189,-119.9454,352.67,0.8,0.69,2025-06-28,0627,NPP,VIIRS,nominal,2.0,312.09,0.52,D
-6.349,-56.9615,318.34,0.33,0.63,2025-09-09,1015,NPP,VIIRS,low,2.0,279.49,8.35,D
38.5641,24.9609,380.0,0.7,0.73,2025-04-20,1955,NPP,VIIRS,high,2.0,330.43,3.55,N
-3.3778,15.4648,306.52,0.54,0.5,2025-06-13,1324,N20,VIIRS,low,2.0,267.31,12.86,D
-37.8706,149.3683,380.0,0.8,0.51,2025-09-01,0140,N20,VIIRS,high,2.0,338.93,4.21,N
37.6451,-118.449,322.3,0.35,0.59,2025-01-14,2338,NPP,VIIRS,low,2.0,283.63,13.9,N
39.1443,-120.0818,300.0,0.36,0.61,2025-12-01,0435,NPP,VIIRS,low,2.0,267.18,9.67,N
39.9092,24.6073,316.0,0.5,0.62,2025-07-03,2017,NPP,VIIRS,low,2.0,273.47,12.31,N
34.6016,-119.3382,346.0,0.72,0.51,2025-07-15,1122,N20,VIIRS,nominal,2.0,309.91,7.44,D
-9.614,-54.2855,309.84,0.34,0.47,2025-08-29,0624,N20,VIIRS,low,2.0,269.37,2.96,D
-33.9778,151.1779,312.1,0.41,0.46,2025-03-22,1918,N20,VIIRS,low,2.0,276.12,11.16,N
-2.2115,18.1608,324.67,0.65,0.51,2025-06-22,0456,NPP,VIIRS,low,2.0,287.46,10.48,N
42.923,-117.8238,330.16,0.35,0.73,2025-04-29,1022,N20,VIIRS,nominal,2.0,291.36,10.09,D
-5.249,21.7928,360.8,0.64,0.45,2025-07-01,2317,N21,VIIRS,nominal,2.0,313.37,8.51,N
-3.3367,17.4868,380.0,0.8,0.66,2025-10-22,1933,NPP,VIIRS,high,2.0,336.35,5.62,N
38.4496,-123.4122,331.62,0.76,0.59,2025-06-17,1059,NPP,VIIRS,nominal,2.0,288.24,4.04,D
38.4481,-124.2793,322.36,0.65,0.49,2025-12-20,2345,N20,VIIRS,low,2.0,287.79,5.15,N
36.4511,-120.4965,331.84,0.59,0.45,2025-10-22,0700,N20,VIIRS,nominal,2.0,298.56,4.11,D
-7.8021,-56.1818,300.0,0.71,0.36,2025-05-16,0253,N20,VIIRS,low,2.0,264.85,34.02,N
-34.3157,149.7091,341.95,0.4,0.46,2025-12-24,1435,NPP,VIIRS,nominal,2.0,299.61,22.41,D
-4.5311,23.2882,319.95,0.49,0.53,2025-11-12,0254,N20,VIIRS,low,2.0,280.91,7.11,N
39.3965,-121.5459,331.26,0.44,0.6,2025-08-30,0606,NPP,VIIRS,nominal,2.0,291.17,3.14,D
-3.9547,16.6266,341.26,0.34,0.78,2025-04-16,1849,NPP,VIIRS,nominal,2.0,301.28,18.96,D
39.9006,19.8884,363.3,0.68,0.6,2025-03-10,0428,N20,VIIRS,nominal,2.0,313.78,1.8,N
-2.0323,20.3021,305.41,0.77,0.56,2025-07-12,2014,NPP,VIIRS,low,2.0,271.7,3.43,N
-4.4906,-55.9295,343.63,0.63,0.65,2025-11-25,1841,N21,VIIRS,nominal,2.0,291.12,25.2,D
-9.881,-57.2097,380.0,0.36,0.69,2025-06-10,0740,N20,VIIRS,high,2.0,328.72,19.36,D
-7.9009,-51.6811,330.88,0.49,0.7,2025-05-08,0739,NPP,VIIRS,nominal,2.0,287.62,0.97,D
36.4478,-120.6361,360.7,0.69,0.58,2025-08-08,2011,N20,VIIRS,high,2.0,318.62,57.02,N
-8.9441,-57.4397,306.08,0.32,0.41,2025-06-05,0644,NPP,VIIRS,low,2.0,271.37,2.4,D
35.8892,-120.3248,343.03,0.68,0.66,2025-03-22,1909,NPP,VIIRS,nominal,2.0,296.3,20.65,N
-33.8593,145.3978,305.57,0.42,0.75,2025-08-19,1311,NPP,VIIRS,low,2.0,269.23,3.22,D
-30.9322,147.1851,363.11,0.47,0.41,2025-12-28,1209,N20,VIIRS,high,2.0,316.42,5.31,D
36.9325,-121.1728,335.5,0.72,0.36,2025-10-23,0944,NPP,VIIRS,nominal,2.0,301.32,1.36,D
-32.1413,148.7593,315.56,0.58,0.58,2025-01-29,0822,N20,VIIRS,low,2.0,269.33,1.34,D
-13.1657,-52.1953,304.07,0.48,0.67,2025-01-27,1908,N21,VIIRS,low,2.0,274.13,0.65,N
-5.5134,-59.5535,333.11,0.36,0.69,2025-01-06,1518,NPP,VIIRS,nominal,2.0,291.98,1.05,D
41.2196,-118.3621,342.57,0.78,0.38,2025-05-30,1953,N20,VIIRS,nominal,2.0,296.73,3.45,N
-10.0733,-50.9057,380.0,0.75,0.58,2025-05-14,1013,NPP,VIIRS,high,2.0,333.34,21.48,D
35.848,-121.3777,300.0,0.52,0.54,2025-05-13,0906,NPP,VIIRS,low,2.0,259.54,19.08,D
-32.9319,148.2227,316.01,0.78,0.78,2025-02-17,0858,N20,VIIRS,low,2.0,269.59,12.99,D
39.5365,-119.26,305.47,0.4,0.38,2025-01-02,2005,N20,VIIRS,low,2.0,269.59,1.09,N
-29.9027,148.6404,380.0,0.72,0.53,2025-03-18,0823,N20,VIIRS,high,2.0,330.6,4.69,D
-31.888,146.8174,380.0,0.48,0.65,2025-07-18,0122,N20,VIIRS,high,2.0,334.33,14.28,N
-35.339,146.5581,329.26,0.51,0.74,2025-07-13,1744,NPP,VIIRS,nominal,2.0,285.2,9.9,D
39.2055,-120.9833,380.0,0.77,0.65,2025-10-23,1214,NPP,VIIRS,high,2.0,328.45,19.19,D
-1.5208,19.049,349.1,0.67,0.48,2025-05-06,2341,NPP,VIIRS,nominal,2.0,305.05,40.93,N
-10.0296,-55.0451,334.47,0.33,0.47,2025-03-04,0643,N20,VIIRS,nominal,2.0,288.72,3.37,D
41.0472,16.6796,307.04,0.45,0.7,2025-06-16,1205,NPP,VIIRS,low,2.0,268.48,11.91,D
40.6161,-117.9013,320.58,0.68,0.43,2025-06-30,1645,N20,VIIRS,low,2.0,282.13,1.77,D
-8.7689,-60.6941,311.68,0.66,0.77,2025-08-27,2239,NPP,VIIRS,low,2.0,278.61,7.79,N
-3.6213,20.7134,316.55,0.76,0.71,2025-05-26,2145,NPP,VIIRS,low,2.0,281.04,14.69,N
-5.1045,17.3669,337.66,0.72,0.64,2025-12-24,1340,N20,VIIRS,nominal,2.0,295.95,3.06,D
41.0775,-121.2394,300.0,0.52,0.51,2025-10-23,2258,N20,VIIRS,low,2.0,265.56,6.04,N
36.4089,-119.6007,328.83,0.39,0.45,2025-09-03,0514,NPP,VIIRS,nominal,2.0,284.99,1.04,N
-33.3585,147.78,342.44,0.33,0.55,2025-05-04,0327,N20,VIIRS,nominal,2.0,303.89,1.37,N
36.9219,-118.4679,363.1,0.41,0.49,2025-11-05,2216,NPP,VIIRS,nominal,2.0,315.01,2.33,N
-5.8799,21.144,340.95,0.52,0.65,2025-01-13,2204,N20,VIIRS,nominal,2.0,305.67,11.66,N
38.2479,22.6381,312.59,0.67,0.61,2025-05-22,1646,N21,VIIRS,low,2.0,275.46,9.83,D
37.2674,-120.255,380.0,0.54,0.6,2025-03-22,0705,N20,VIIRS,high,2.0,332.86,16.56,D
-4.3029,-50.9829,312.8,0.77,0.62,2025-08-18,2047,N20,VIIRS,low,2.0,282.61,11.94,N
-8.7567,-58.0113,374.37,0.56,0.5,2025-05-17,1322,N20,VIIRS,high,2.0,317.73,3.16,D
39.81,25.4735,319.36,0.58,0.62,2025-07-07,1413,N21,VIIRS,low,2.0,282.99,23.52,D
-32.4791,146.9223,301.56,0.77,0.62,2025-08-31,1435,N20,VIIRS,low,2.0,273.06,7.47,D
42.2244,25.0975,315.32,0.68,0.62,2025-08-08,0432,N20,VIIRS,low,2.0,278.05,5.41,N
37.9962,-120.9428,300.0,0.54,0.56,2025-11-15,2241,NPP,VIIRS,low,2.0,268.68,3.34,N
-10.3659,-55.9093,307.33,0.62,0.67,2025-09-15,2105,N20,VIIRS,low,2.0,275.31,14.15,N
40.5446,-120.9106,328.85,0.4,0.7,2025-10-27,0708,N20,VIIRS,nominal,2.0,289.96,6.61,D
40.0744,25.6673,312.76,0.59,0.59,2025-11-09,2348,N20,VIIRS,low,2.0,279.46,8.39,N
38.164,-120.7725,331.17,0.72,0.4,2025-04-14,2004,N20,VIIRS,nominal,2.0,289.85,1.99,N
-2.9889,21.047,336.81,0.68,0.56,2025-11-21,0704,NPP,VIIRS,nominal,2.0,294.82,9.23,D
-0.0471,16.2458,324.8,0.33,0.56,2025-02-09,1330,N20,VIIRS,low,2.0,287.47,6.25,D
37.525,19.5905,312.05,0.6,0.36,2025-11-02,1833,N20,VIIRS,low,2.0,279.25,7.11,D
38.1018,-120.5948,334.6,0.52,0.75,2025-10-24,0443,N20,VIIRS,nominal,2.0,297.09,3.58,N
-34.4189,149.2892,380.0,0.72,0.76,2025-10-03,1713,N20,VIIRS,high,2.0,329.66,11.67,D
-5.3731,22.7921,327.94,0.69,0.59,2025-02-17,0001,N21,VIIRS,nominal,2.0,288.3,5.97,N
39.2169,23.7484,365.96,0.73,0.63,2025-07-01,1158,N20,VIIRS,high,2.0,318.26,1.22,D
-8.1519,-57.1112,356.49,0.68,0.76,2025-12-12,1530,NPP,VIIRS,nominal,2.0,310.27,8.91,D
-7.9971,-57.6147,308.25,0.45,0.51,2025-04-29,0855,NPP,VIIRS,low,2.0,274.79,4.08,D
-30.7882,146.8721,376.04,0.33,0.68,2025-08-17,1923,N20,VIIRS,high,2.0,331.87,4.18,N
-5.1969,17.6802,302.31,0.54,0.43,2025-12-19,1645,NPP,VIIRS,low,2.0,261.8,11.04,D
37.3489,20.9434,353.01,0.45,0.62,2025-04-18,2313,NPP,VIIRS,nominal,2.0,314.41,1.39,N
-8.3369,-54.0156,300.0,0.61,0.79,2025-01-14,1333,N20,VIIRS,low,2.0,270.62,2.06,D
-4.164,-52.6526,301.39,0.7,0.73,2025-10-06,2351,NPP,VIIRS,low,2.0,269.92,1.41,N
36.9973,-118.6202,314.27,0.74,0.57,2025-02-01,1748,N20,VIIRS,low,2.0,281.7,20.75,D
39.6551,21.336,304.64,0.42,0.45,2025-11-18,0128,NPP,VIIRS,low,2.0,272.84,8.28,N
-37.4352,145.6636,346.05,0.56,0.42,2025-01-30,0402,N20,VIIRS,nominal,2.0,304.42,30.68,N
-35.0522,148.7629,306.79,0.67,0.7,2025-02-12,1923,NPP,VIIRS,low,2.0,275.57,1.58,N
-31.9084,143.6569,380.0,0.72,0.36,2025-11-27,1201,N21,VIIRS,high,2.0,327.12,18.83,D
37.8538,-120.1294,361.8,0.5,0.73,2025-03-01,1330,N20,VIIRS,high,2.0,307.73,9.88,D
-6.2345,-49.2982,343.37,0.35,0.67,2025-09-30,1437,NPP,VIIRS,nominal,2.0,301.71,9.34,D
38.054,-119.5703,317.0,0.54,0.74,2025-06-04,1454,N20,VIIRS,low,2.0,276.17,25.78,D
37.827,-118.2206,344.54,0.69,0.36,2025-05-26,2349,NPP,VIIRS,nominal,2.0,300.91,3.95,N
-33.7167,146.7049,302.09,0.68,0.62,2025-05-06,2143,NPP,VIIRS,low,2.0,269.88,2.16,N
-2.4343,18.9653,380.0,0.49,0.58,2025-06-05,1714,NPP,VIIRS,high,2.0,338.11,14.1,D
-5.847,-50.9204,309.9,0.46,0.77,2025-03-21,1205,NPP,VIIRS,low,2.0,272.45,13.37,D
39.6894,18.9384,380.0,0.59,0.57,2025-09-15,2208,NPP,VIIRS,high,2.0,326.24,2.09,N
39.9037,25.9259,329.1,0.72,0.5,2025-11-03,0323,N20,VIIRS,nominal,2.0,283.44,13.07,N
-7.5968,-51.9753,312.03,0.78,0.58,2025-12-02,1958,N20,VIIRS,low,2.0,276.86,4.52,N
38.6759,-120.7459,301.38,0.53,0.59,2025-02-12,0333,N20,VIIRS,low,2.0,266.01,0.81,N
39.2807,-118.7931,352.31,0.74,0.68,2025-06-26,1325,NPP,VIIRS,nominal,2.0,303.68,1.71,D
-6.7916,21.4192,322.94,0.6,0.46,2025-08-28,0728,NPP,VIIRS,low,2.0,279.65,2.16,D
35.6056,-121.04,319.15,0.57,0.49,2025-06-21,2346,N20,VIIRS,low,2.0,272.98,0.78,N
-33.8268,148.0648,311.24,0.53,0.55,2025-03-01,1127,N21,VIIRS,low,2.0,272.09,3.46,D
-4.6423,16.1945,336.23,0.68,0.59,2025-08-23,0218,N20,VIIRS,nominal,2.0,295.95,6.86,N
-34.1911,149.8011,380.0,0.55,0.52,2025-03-24,2049,N21,VIIRS,high,2.0,333.12,2.95,N
36.6176,-120.2025,301.43,0.68,0.49,2025-08-18,1844,N21,VIIRS,low,2.0,269.66,13.37,D
36.4547,-120.8617,366.65,0.76,0.38,2025-12-26,2251,N21,VIIRS,high,2.0,320.95,10.34,N
-6.7199,-52.3137,301.77,0.46,0.72,2025-10-30,1423,N20,VIIRS,low,2.0,268.45,3.44,D
-10.2846,-54.7521,380.0,0.41,0.79,2025-11-14,0159,N21,VIIRS,high,2.0,337.56,12.91,N
36.0201,-119.8249,308.7,0.75,0.52,2025-03-24,1407,NPP,VIIRS,low,2.0,283.33,4.55,D
-6.3594,-59.3711,380.0,0.45,0.62,2025-11-17,0844,N20,VIIRS,high,2.0,331.99,1.19,D
-4.8349,20.8257,318.02,0.46,0.49,2025-02-07,1450,N20,VIIRS,low,2.0,276.33,12.99,D
-10.9897,-54.8242,302.96,0.36,0.47,2025-08-12,0956,NPP,VIIRS,low,2.0,267.74,6.81,D
-33.0141,147.5688,363.57,0.35,0.41,2025-06-14,2253,NPP,VIIRS,high,2.0,322.89,24.85,N
-31.3605,147.6091,326.54,0.78,0.4,2025-01-27,1636,N20,VIIRS,nominal,2.0,295.07,9.37,D
-4.314,17.0956,380.0,0.71,0.38,2025-08-14,2137,N21,VIIRS,high,2.0,331.23,8.54,N
-34.7358,149.1143,305.84,0.5,0.5,2025-04-23,0913,N21,VIIRS,low,2.0,263.25,5.06,D
-5.9711,17.6726,380.0,0.47,0.43,2025-04-25,1850,N20,VIIRS,high,2.0,329.37,15.96,D
-31.4983,149.3089,357.69,0.37,0.66,2025-01-14,1606,N20,VIIRS,high,2.0,313.3,27.05,D
39.5079,21.2011,300.0,0.45,0.42,2025-07-01,0337,N21,VIIRS,low,2.0,266.11,1.15,N
-35.1745,145.8283,318.7,0.65,0.41,2025-03-27,1536,N20,VIIRS,low,2.0,275.4,6.52,D
39.2941,28.4633,338.22,0.77,0.8,2025-07-07,1850,N20,VIIRS,nominal,2.0,299.59,6.17,D
-3.9306,15.2756,306.66,0.63,0.4,2025-10-31,1539,N20,VIIRS,low,2.0,271.26,12.41,D
41.1616,18.3699,313.74,0.42,0.54,2025-07-06,1548,NPP,VIIRS,low,2.0,272.95,1.91,D
-33.3511,149.3373,367.68,0.35,0.64,2025-05-15,2258,NPP,VIIRS,high,2.0,321.61,2.83,N
-6.0264,-57.6783,308.45,0.55,0.42,2025-09-04,0140,N20,VIIRS,low,2.0,272.8,2.67,N
38.855,-119.8543,320.88,0.53,0.66,2025-12-02,0048,NPP,VIIRS,low,2.0,285.85,8.69,N
36.8252,-120.2264,319.58,0.56,0.7,2025-02-25,2107,NPP,VIIRS,low,2.0,278.2,6.12,N
40.0312,24.2278,313.03,0.55,0.52,2025-10-15,1725,N20,VIIRS,low,2.0,269.87,8.85,D
-32.5495,149.3854,300.0,0.72,0.62,2025-03-11,1802,N20,VIIRS,low,2.0,263.39,1.12,D
37.159,-119.9481,302.08,0.56,0.78,2025-03-31,0704,N20,VIIRS,low,2.0,263.67,6.73,D
-3.913,21.3395,301.21,0.37,0.54,2025-04-03,0353,NPP,VIIRS,low,2.0,268.53,3.22,N
-5.4831,-49.7027,321.02,0.36,0.49,2025-05-26,0844,NPP,VIIRS,low,2.0,284.42,2.27,D
-7.9613,-54.5414,380.0,0.75,0.41,2025-09-13,1950,NPP,VIIRS,high,2.0,335.51,2.26,N
36.8809,-119.7413,307.92,0.58,0.54,2025-07-19,1625,N20,VIIRS,low,2.0,277.85,39.59,D
37.592,22.646,322.26,0.43,0.4,2025-11-24,0855,N20,VIIRS,low,2.0,277.19,6.74,D
42.2797,22.0016,377.51,0.6,0.68,2025-01-20,0449,NPP,VIIRS,high,2.0,331.05,11.62,N
-29.2579,146.2982,311.47,0.57,0.63,2025-03-28,2306,N20,VIIRS,low,2.0,276.73,6.17,N
-32.2887,148.3832,302.05,0.48,0.6,2025-07-29,0644,NPP,VIIRS,low,2.0,269.19,65.03,D
-7.103,21.5889,380.0,0.53,0.75,2025-11-26,0416,N20,VIIRS,high,2.0,332.63,0.52,N
-32.1367,149.4794,376.49,0.68,0.38,2025-03-08,1604,N20,VIIRS,high,2.0,326.2,36.74,D
40.2697,-123.9805,380.0,0.5,0.66,2025-07-09,0625,N20,VIIRS,high,2.0,330.29,7.16,D
37.5823,21.2018,380.0,0.59,0.53,2025-12-16,0312,NPP,VIIRS,high,2.0,332.93,2.38,N
-10.1571,-59.257,340.34,0.75,0.54,2025-07-08,0656,N20,VIIRS,nominal,2.0,299.45,6.41,D
38.4149,23.2102,380.0,0.57,0.37,2025-11-03,1631,N20,VIIRS,high,2.0,331.24,5.65,D
42.0215,21.6058,300.0,0.41,0.73,2025-02-08,0004,NPP,VIIRS,low,2.0,265.76,14.98,N
38.8473,17.737,318.33,0.49,0.47,2025-05-18,1119,N21,VIIRS,low,2.0,276.49,5.78,D
-3.5344,18.1838,330.7,0.64,0.58,2025-09-06,1333,N20,VIIRS,nominal,2.0,288.79,2.22,D
40.0974,16.831,300.0,0.42,0.76,2025-01-13,0640,NPP,VIIRS,low,2.0,265.01,13.72,D
0.5633,18.5177,380.0,0.64,0.7,2025-02-19,1947,N20,VIIRS,high,2.0,336.26,7.84,N
38.6748,-117.9037,308.73,0.72,0.39,2025-07-02,0529,N21,VIIRS,low,2.0,277.32,12.47,N
-29.2581,148.7792,346.22,0.76,0.44,2025-09-22,2158,NPP,VIIRS,nominal,2.0,298.94,31.16,N
-3.4937,21.9688,317.81,0.34,0.73,2025-04-18,1738,N20,VIIRS,low,2.0,280.58,2.06,D
-6.4782,16.4779,315.9,0.74,0.43,2025-09-08,0907,N21,VIIRS,low,2.0,277.86,6.39,D
-32.1819,149.3333,313.13,0.8,0.6,2025-10-21,1022,N20,VIIRS,low,2.0,279.62,1.64,D
38.67,-119.6471,307.62,0.69,0.5,2025-09-13,1930,N21,VIIRS,low,2.0,272.38,9.69,N
36.961,-117.8859,343.86,0.67,0.43,2025-05-21,0706,NPP,VIIRS,nominal,2.0,300.28,11.4,D
40.5553,21.9681,380.0,0.35,0.4,2025-11-02,0647,NPP,VIIRS,high,2.0,325.78,5.82,D
-4.2291,20.2018,303.22,0.4,0.63,2025-06-18,1812,N20,VIIRS,low,2.0,271.46,1.41,D
37.639,20.7016,328.97,0.53,0.67,2025-03-13,0716,NPP,VIIRS,nominal,2.0,287.22,6.59,D
36.1071,-120.4044,310.57,0.51,0.59,2025-09-29,0731,N20,VIIRS,low,2.0,278.96,2.2,D
-31.5508,148.897,305.16,0.76,0.37,2025-01-13,0751,NPP,VIIRS,low,2.0,271.85,6.56,D
37.961,-122.2756,330.23,0.57,0.42,2025-09-04,0720,NPP,VIIRS,nominal,2.0,288.02,1.73,D
-12.9522,-56.0155,380.0,0.49,0.76,2025-06-24,1814,N20,VIIRS,high,2.0,331.22,1.85,D
-34.3499,147.1938,380.0,0.6,0.37,2025-06-25,0851,NPP,VIIRS,high,2.0,333.29,5.53,D
-9.4726,-54.372,311.16,0.79,0.61,2025-11-18,2345,NPP,VIIRS,low,2.0,279.39,3.76,N
-4.3522,20.1992,328.23,0.44,0.61,2025-03-25,1731,N20,VIIRS,nominal,2.0,288.07,7.32,D
-6.6305,-51.9018,301.54,0.58,0.7,2025-09-20,0138,N20,VIIRS,low,2.0,269.03,31.31,N
-7.5689,-50.6955,380.0,0.65,0.76,2025-06-27,0930,N20,VIIRS,high,2.0,334.5,9.98,D
37.9022,-121.1981,317.13,0.35,0.63,2025-02-02,0811,NPP,VIIRS,low,2.0,280.11,5.56,D
-1.1861,18.8381,308.26,0.68,0.73,2025-10-08,1933,NPP,VIIRS,low,2.0,270.89,7.17,N
-4.3287,20.509,371.47,0.41,0.45,2025-10-28,1713,N20,VIIRS,high,2.0,319.93,1.7,D
-3.6032,19.978,309.6,0.48,0.73,2025-09-08,0544,N20,VIIRS,low,2.0,272.54,23.81,N
37.6545,-118.5,337.25,0.52,0.74,2025-05-14,1202,N20,VIIRS,nominal,2.0,295.76,38.67,D
-4.6591,-54.6444,303.16,0.4,0.6,2025-09-12,0139,NPP,VIIRS,low,2.0,261.81,1.78,N
-3.2285,21.6864,307.71,0.56,0.48,2025-10-25,1109,N21,VIIRS,low,2.0,269.43,1.95,D
39.5225,-121.6339,355.65,0.62,0.54,2025-11-12,1847,N20,VIIRS,nominal,2.0,307.85,2.59,D
-6.4338,23.2721,300.0,0.63,0.61,2025-03-16,1249,N20,VIIRS,low,2.0,269.65,4.51,D
-4.314,17.0956,380.0,0.71,0.38,2025-08-14,2137,N21,VIIRS,high,2.0,331.23,8.54,N
-6.8003,-59.4778,349.8,0.32,0.6,2025-04-09,1700,N20,VIIRS,nominal,2.0,306.7,2.31,D
37.2911,-120.7672,340.01,0.46,0.38,2025-07-28,1915,NPP,VIIRS,nominal,2.0,301.95,2.56,N
38.9592,21.4788,321.37,0.65,0.65,2025-02-21,0737,N20,VIIRS,nominal,2.0,281.96,33.55,D
38.5538,-119.2128,304.8,0.36,0.65,2025-10-23,1642,N20,VIIRS,low,2.0,268.9,2.18,D
-15.2183,-53.1722,320.79,0.42,0.57,2025-10-04,1052,N21,VIIRS,low,2.0,282.07,5.11,D
-37.3564,146.9411,380.0,0.72,0.68,2025-12-08,0448,NPP,VIIRS,high,2.0,335.45,4.43,N
-34.3143,146.6046,312.21,0.72,0.79,2025-11-18,1835,N20,VIIRS,low,2.0,274.62,5.52,D
-35.0852,145.6555,300.0,0.39,0.72,2025-07-27,1454,N20,VIIRS,low,2.0,265.16,3.97,D
38.6956,-119.2393,367.21,0.61,0.56,2025-06-04,1114,NPP,VIIRS,high,2.0,323.45,42.79,D
37.6578,-118.4475,315.36,0.51,0.59,2025-01-18,2011,N20,VIIRS,low,2.0,279.32,3.12,N
-6.9025,-50.3414,380.0,0.52,0.58,2025-05-21,0103,N20,VIIRS,high,2.0,341.56,2.45,N
-6.7855,19.9171,308.15,0.57,0.42,2025-04-15,0829,N20,VIIRS,low,2.0,269.32,3.56,D
-34.2707,145.6207,320.69,0.71,0.41,2025-10-22,2239,N20,VIIRS,low,2.0,286.33,21.21,N
37.6688,-121.6496,331.94,0.38,0.77,2025-04-09,1414,NPP,VIIRS,nominal,2.0,288.19,89.84,D
40.1602,23.2388,380.0,0.5,0.4,2025-09-23,0121,NPP,VIIRS,high,2.0,328.57,4.07,N
-3.7931,24.901,310.9,0.41,0.68,2025-01-30,1539,NPP,VIIRS,low,2.0,272.78,3.27,D
41.1931,-115.0241,347.8,0.33,0.41,2025-08-14,1751,N21,VIIRS,nominal,2.0,298.15,4.57,D
-29.015,146.4667,332.7,0.39,0.53,2025-03-25,0535,NPP,VIIRS,nominal,2.0,292.28,0.63,N
-31.7753,146.0428,319.75,0.7,0.54,2025-08-19,0445,N20,VIIRS,low,2.0,279.93,1.31,N
39.1297,-120.3883,316.05,0.59,0.54,2025-12-08,1643,NPP,VIIRS,low,2.0,273.46,3.43,D
38.3612,-119.9718,346.1,0.44,0.41,2025-11-21,0003,NPP,VIIRS,nominal,2.0,304.55,3.16,N
-35.6772,149.3858,300.0,0.59,0.75,2025-03-28,0249,N20,VIIRS,low,2.0,264.99,3.69,N
38.6529,-119.1187,309.89,0.59,0.72,2025-11-10,1225,N20,VIIRS,low,2.0,266.98,21.01,D
-31.2715,142.5849,380.0,0.59,0.54,2025-01-13,0630,NPP,VIIRS,high,2.0,326.51,23.12,D
-8.9769,-52.8038,324.34,0.74,0.73,2025-09-11,0138,N20,VIIRS,nominal,2.0,283.45,17.71,N
-6.1474,20.1946,380.0,0.57,0.71,2025-04-26,1300,N20,VIIRS,high,2.0,327.64,,D
-12.5037,-53.0169,316.59,0.67,0.69,2025-04-09,2143,N21,VIIRS,low,2.0,275.22,5.95,N
39.3703,23.5516,375.28,0.37,0.52,2025-11-22,1339,NPP,VIIRS,high,2.0,325.67,10.97,D
41.0037,22.3871,324.83,0.58,0.4,2025-06-29,1341,N21,VIIRS,nominal,2.0,293.08,35.44,D
-6.915,-56.1391,314.92,0.63,0.66,2025-05-15,0144,N20,VIIRS,low,2.0,276.88,1.99,N
39.3744,21.4035,361.86,0.8,0.79,2025-09-16,1729,NPP,VIIRS,nominal,2.0,315.78,3.59,D
-3.7882,21.4026,306.02,0.4,0.47,2025-06-29,0118,N21,VIIRS,low,2.0,272.74,0.5,N
-6.8479,19.36,380.0,0.48,0.62,2025-09-25,0707,NPP,VIIRS,high,2.0,327.88,3.57,D
-7.7395,19.0676,329.26,0.35,0.47,2025-08-15,1607,NPP,VIIRS,nominal,2.0,287.71,6.86,D
-6.0349,-50.0786,333.11,0.44,0.55,2025-11-15,2123,NPP,VIIRS,nominal,2.0,294.66,1.65,N
38.644,26.9125,356.62,0.5,0.67,2025-08-06,2332,NPP,VIIRS,nominal,2.0,313.31,11.97,N
-10.7116,-57.6363,350.73,0.74,0.74,2025-11-20,2312,NPP,VIIRS,nominal,2.0,304.27,1.54,N
37.2135,-122.2604,380.0,0.35,0.79,2025-05-04,0409,N21,VIIRS,high,2.0,329.52,5.04,N
-31.153,145.8988,322.19,0.43,0.58,2025-11-17,0633,NPP,VIIRS,low,2.0,280.52,1.08,D
38.6776,21.9843,344.73,0.71,0.65,2025-12-26,0701,N20,VIIRS,nominal,2.0,297.74,5.53,D
39.0982,-121.3422,335.69,0.36,0.42,2025-04-23,1448,NPP,VIIRS,nominal,2.0,298.66,3.25,D
-8.1409,-53.5711,380.0,0.48,0.74,2025-12-22,2131,N21,VIIRS,high,2.0,330.02,2.15,N
36.9098,-118.4515,300.32,0.37,0.52,2025-04-13,1129,N21,VIIRS,low,2.0,267.38,6.65,D
38.4026,20.7995,301.2,0.67,0.58,2025-01-14,1551,N21,VIIRS,low,2.0,268.75,5.83,D
38.6358,-121.1959,314.09,0.44,0.54,2025-01-25,1845,NPP,VIIRS,low,2.0,276.83,1.99,D
-11.7848,-57.569,337.6,0.63,0.75,2025-04-27,1844,N20,VIIRS,nominal,2.0,299.15,5.84,D
38.239,-119.4174,321.76,0.66,0.48,2025-07-29,1624,N20,VIIRS,low,2.0,288.92,15.08,D
-31.613,147.216,366.42,0.62,0.71,2025-08-09,0340,N20,VIIRS,high,2.0,318.37,0.5,N
41.1862,-119.3713,334.64,0.48,0.37,2025-09-02,1110,N20,VIIRS,nominal,2.0,293.33,4.82,D
-32.0988,144.2604,360.86,0.7,0.39,2025-01-13,1931,N20,VIIRS,nominal,2.0,316.79,10.52,N
37.4152,-120.2421,363.5,0.62,0.49,2025-02-23,1202,NPP,VIIRS,high,2.0,322.84,3.39,D
36.087,22.6481,313.17,0.4,0.51,2025-09-14,2244,N21,VIIRS,low,2.0,276.25,4.78,N
-3.7165,-54.957,380.0,0.33,0.37,2025-06-24,1905,NPP,VIIRS,high,2.0,327.66,18.64,N
-9.9501,-48.263,306.0,0.57,0.47,2025-05-27,2128,N21,VIIRS,low,2.0,266.63,2.06,N
39.1392,19.5133,303.7,0.48,0.47,2025-02-04,1428,N20,VIIRS,low,2.0,265.01,2.8,D
-2.7227,22.5395,380.0,0.35,0.43,2025-08-16,0029,NPP,VIIRS,high,2.0,331.6,13.64,N
-33.3898,150.2675,341.4,0.55,0.75,2025-04-10,0711,NPP,VIIRS,nominal,2.0,305.39,5.39,D
0.9948,20.1104,321.94,0.74,0.74,2025-12-15,1237,NPP,VIIRS,low,2.0,290.46,4.94,D
-8.1682,24.1393,380.0,0.35,0.43,2025-09-30,0549,NPP,VIIRS,high,2.0,335.7,,N
-7.8906,-53.0051,380.0,0.61,0.39,2025-09-14,0018,N20,VIIRS,high,2.0,329.52,40.43,N
39.0494,-119.6884,380.0,0.62,0.47,2025-01-19,0900,N20,VIIRS,high,2.0,326.74,10.43,D
40.0282,-119.538,316.52,0.51,0.71,2025-08-25,0351,NPP,VIIRS,low,2.0,275.56,12.23,N
35.7783,-122.5604,300.06,0.6,0.56,2025-06-01,0428,NPP,VIIRS,low,2.0,258.03,99.05,N
-34.1111,148.4088,336.48,0.47,0.6,2025-07-24,1318,NPP,VIIRS,nominal,2.0,295.16,3.54,D
-3.2186,16.8165,337.54,0.6,0.59,2025-09-30,1900,NPP,VIIRS,nominal,2.0,300.15,2.88,N
-5.2651,-56.2396,307.95,0.71,0.75,2025-06-20,1918,N20,VIIRS,low,2.0,271.4,10.71,N
39.8545,-120.538,380.0,0.71,0.53,2025-04-19,1836,N20,VIIRS,high,2.0,333.53,47.08,D
-3.4116,19.4374,304.81,0.79,0.74,2025-08-03,0811,N20,VIIRS,low,2.0,268.51,2.45,D
38.4438,-120.0356,341.29,0.58,0.54,2025-04-25,0345,NPP,VIIRS,nominal,2.0,304.48,17.32,N
-29.5682,147.8049,380.0,0.76,0.51,2025-07-03,2058,N20,VIIRS,high,2.0,331.77,6.92,N
40.855,24.3354,358.69,0.34,0.42,2025-01-10,1527,NPP,VIIRS,nominal,2.0,314.61,3.59,D
-12.1933,-54.6972,305.34,0.7,0.39,2025-02-05,1214,NPP,VIIRS,low,2.0,277.67,8.58,D
39.4659,21.1274,316.16,0.72,0.38,2025-10-08,1746,N20,VIIRS,low,2.0,279.94,6.87,D
35.1851,23.7884,328.08,0.5,0.5,2025-06-11,1912,NPP,VIIRS,nominal,2.0,287.84,3.63,N
37.995,22.2374,307.57,0.75,0.79,2025-03-05,2302,N20,VIIRS,low,2.0,275.22,2.58,N
38.4139,-119.6596,359.38,0.52,0.64,2025-08-01,1443,N20,VIIRS,nominal,2.0,319.21,4.03,D
-5.7074,-55.124,379.22,0.71,0.68,2025-07-21,1318,N20,VIIRS,high,2.0,329.96,3.86,D
37.0394,-119.7766,311.13,0.64,0.36,2025-01-16,0636,NPP,VIIRS,low,2.0,271.55,1.43,D
40.0082,-120.7963,349.4,0.55,0.68,2025-07-15,1518,N21,VIIRS,nominal,2.0,304.21,1.42,D
-7.8161,-56.6376,323.94,0.33,0.67,2025-06-15,2111,NPP,VIIRS,low,2.0,288.62,2.59,N
-33.8293,146.0097,326.45,0.7,0.5,2025-11-13,1714,N20,VIIRS,nominal,2.0,288.53,6.12,D
38.7993,22.7869,327.66,0.71,0.58,2025-01-19,1335,N20,VIIRS,nominal,2.0,281.85,11.8,D
-7.123,23.6082,370.08,0.57,0.73,2025-03-13,2359,N20,VIIRS,high,2.0,323.55,4.19,N
39.1161,-121.3377,327.73,0.33,0.46,2025-12-30,1419,N20,VIIRS,low,2.0,289.36,0.5,D
-10.5076,-49.2914,315.73,0.35,0.39,2025-06-26,0421,NPP,VIIRS,low,2.0,277.05,45.25,N
-10.6325,-52.3694,332.15,0.75,0.57,2025-04-09,1201,N20,VIIRS,nominal,2.0,289.78,9.02,D
35.6104,-123.3983,380.0,0.65,0.44,2025-09-01,0621,NPP,VIIRS,high,2.0,331.96,4.26,D
40.9799,20.9025,300.85,0.37,0.57,2025-12-18,1046,N20,VIIRS,low,2.0,265.52,6.21,D
-6.1284,19.9764,306.76,0.45,0.45,2025-04-17,2317,N21,VIIRS,low,2.0,271.14,4.17,N
36.4133,21.4495,313.42,0.33,0.75,2025-01-27,1130,N20,VIIRS,low,2.0,276.03,4.58,D
-9.9554,-54.4363,358.82,0.46,0.56,2025-06-30,2007,N20,VIIRS,nominal,2.0,315.48,13.12,N
-10.3153,-49.7889,343.09,0.65,0.6,2025-11-18,2129,NPP,VIIRS,nominal,2.0,301.71,8.98,N
39.3249,-118.2863,380.0,0.45,0.61,2025-12-19,1505,N20,VIIRS,high,2.0,332.32,1.07,D
-35.3936,149.7874,300.0,0.72,0.5,2025-11-21,0217,N20,VIIRS,low,2.0,262.65,3.83,N
37.8132,-121.0169,312.82,0.6,0.77,2025-06-20,1353,NPP,VIIRS,low,2.0,273.94,9.65,D
-29.6533,146.8211,380.0,0.69,0.49,2025-02-22,0106,N21,VIIRS,high,2.0,331.91,14.8,N
-2.316,19.1139,321.36,0.75,0.4,2025-03-31,0750,N20,VIIRS,low,2.0,288.69,6.88,D
39.0494,-119.6884,380.0,0.62,0.47,2025-01-19,0900,N20,VIIRS,high,2.0,326.74,10.43,D
-6.794,-57.8504,321.98,0.33,0.5,2025-07-10,2052,N20,VIIRS,low,2.0,280.85,20.66,N
-9.8544,-52.3434,325.23,0.35,0.42,2025-04-15,2232,NPP,VIIRS,low,2.0,284.21,4.89,N
39.2174,21.874,300.0,0.61,0.5,2025-09-05,0031,N20,VIIRS,low,2.0,266.28,9.08,N
37.3829,-119.3048,313.85,0.56,0.64,2025-03-28,0423,N20,VIIRS,low,2.0,269.15,12.48,N
-11.0948,-54.813,316.43,0.47,0.51,2025-08-20,2031,N21,VIIRS,low,2.0,284.37,14.17,N
-6.6765,-53.9101,301.64,0.39,0.59,2025-04-19,0927,NPP,VIIRS,low,2.0,272.73,3.2,D
36.931,-119.6906,307.86,0.64,0.49,2025-10-17,1901,N21,VIIRS,low,2.0,270.95,7.96,N
-9.0166,-59.37,338.82,0.49,0.65,2025-01-06,1323,N20,VIIRS,nominal,2.0,298.85,2.6,D
41.2378,-119.9891,308.88,0.7,0.48,2025-04-05,1630,N21,VIIRS,low,2.0,272.83,13.44,D
-30.6089,144.9621,376.26,0.5,0.73,2025-03-22,1940,N21,VIIRS,high,2.0,330.83,14.84,N
39.6626,-120.1212,310.61,0.37,0.37,2025-04-18,1518,N20,VIIRS,low,2.0,275.04,4.61,D
38.7779,-123.119,305.87,0.4,0.5,2025-04-10,0619,N20,VIIRS,low,2.0,270.08,6.15,D
34.1945,-119.6918,380.0,0.41,0.73,2025-07-04,1643,NPP,VIIRS,high,2.0,327.68,17.57,D
-11.8581,-57.4407,380.0,0.53,0.78,2025-08-08,0432,NPP,VIIRS,high,2.0,329.06,6.98,N
-7.456,-56.797,310.67,0.42,0.61,2025-06-27,1452,NPP,VIIRS,low,2.0,275.63,10.69,D
38.6669,-118.1326,380.0,0.68,0.43,2025-01-23,0018,N21,VIIRS,high,2.0,341.74,8.06,N
-8.3061,-50.1643,330.58,0.43,0.76,2025-04-14,2004,N20,VIIRS,nominal,2.0,286.42,4.39,N
39.0944,23.0725,355.69,0.5,0.68,2025-04-22,0219,NPP,VIIRS,nominal,2.0,311.69,1.66,N
39.114,18.8956,348.58,0.52,0.78,2025-05-18,2015,NPP,VIIRS,nominal,2.0,301.83,9.2,N
40.868,20.2625,324.94,0.76,0.68,2025-05-27,1341,N20,VIIRS,low,2.0,292.63,7.73,D
-8.4697,-51.6077,308.63,0.36,0.73,2025-10-01,1717,N21,VIIRS,low,2.0,273.71,3.14,D
-6.3851,-53.1062,329.81,0.66,0.7,2025-03-17,0904,N20,VIIRS,nominal,2.0,296.04,5.69,D
-32.3536,150.5676,341.17,0.48,0.8,2025-03-29,1649,N20,VIIRS,nominal,2.0,298.81,19.76,D
-2.0717,19.2669,380.0,0.34,0.46,2025-09-02,1711,NPP,VIIRS,high,2.0,330.38,17.7,D
-9.1622,-55.147,313.55,0.41,0.49,2025-11-18,1909,N20,VIIRS,low,2.0,270.1,4.56,N
-34.9627,145.1904,340.33,0.33,0.66,2025-04-14,1112,N20,VIIRS,nominal,2.0,294.37,10.33,D
40.2091,21.4675,316.82,0.4,0.37,2025-08-07,0602,NPP,VIIRS,low,2.0,274.66,2.65,D
-31.2617,147.0889,310.59,0.51,0.53,2025-01-03,1130,NPP,VIIRS,low,2.0,278.55,3.29,D
40.0652,-115.8593,340.4,0.39,0.66,2025-11-25,0103,NPP,VIIRS,nominal,2.0,294.3,12.47,N
-4.9554,-53.4275,380.0,0.6,0.54,2025-08-16,2117,N20,VIIRS,high,2.0,332.71,1.45,N
-2.6089,22.0378,309.52,0.68,0.7,2025-03-30,0019,N21,VIIRS,low,2.0,272.97,7.38,N
-11.0919,-54.0633,352.13,0.52,0.48,2025-06-05,0602,N20,VIIRS,nominal,2.0,311.05,2.45,D
39.6164,-120.071,310.3,0.44,0.39,2025-12-10,0617,N20,VIIRS,low,2.0,277.13,11.54,D
-34.2573,142.7637,329.14,0.77,0.56,2025-01-23,0831,NPP,VIIRS,nominal,2.0,292.84,5.77,D
-30.9771,150.683,301.24,0.43,0.45,2025-12-31,0424,N20,VIIRS,low,2.0,262.06,6.98,N
39.1478,18.2449,333.07,0.36,0.62,2025-03-23,1447,NPP,VIIRS,nominal,2.0,293.62,0.92,D
-6.8738,-59.9138,316.43,0.37,0.58,2025-11-06,0746,NPP,VIIRS,low,2.0,273.62,2.84,D
-29.6086,151.7946,354.23,0.62,0.68,2025-10-21,1348,NPP,VIIRS,nominal,2.0,307.97,16.41,D
37.4781,21.1796,306.27,0.56,0.66,2025-04-30,0508,N20,VIIRS,low,2.0,275.78,8.14,N
36.6917,-121.8141,342.65,0.35,0.53,2025-07-02,0157,NPP,VIIRS,nominal,2.0,309.22,7.81,N
-4.1581,18.6101,316.52,0.68,0.79,2025-12-07,1930,NPP,VIIRS,low,2.0,278.87,9.87,N
35.0371,-118.7463,300.0,0.4,0.63,2025-01-08,1902,N20,VIIRS,low,2.0,266.04,37.48,N
37.0933,-120.9597,312.37,0.47,0.43,2025-09-20,1842,NPP,VIIRS,low,2.0,281.49,52.48,D
-32.2272,149.6755,321.07,0.55,0.36,2025-09-02,2053,N20,VIIRS,nominal,2.0,278.01,36.74,N
-33.3239,148.8768,347.07,0.64,0.59,2025-11-05,1833,N20,VIIRS,nominal,2.0,302.76,3.35,D
38.5119,-122.2511,317.65,0.53,0.37,2025-06-22,0236,N20,VIIRS,low,2.0,280.64,2.31,N
40.0431,-119.4592,329.54,0.55,0.46,2025-04-06,0808,N20,VIIRS,nominal,2.0,292.85,9.66,D
-6.0334,19.4142,352.31,0.36,0.46,2025-12-26,0704,NPP,VIIRS,high,2.0,304.83,45.73,D
-4.5457,22.3284,314.38,0.45,0.5,2025-07-12,1846,N20,VIIRS,low,2.0,277.46,7.31,D
35.8289,-119.643,380.0,0.45,0.52,2025-11-03,1351,NPP,VIIRS,high,2.0,332.48,3.93,D
37.6342,-121.591,343.43,0.55,0.38,2025-07-10,0937,N21,VIIRS,nominal,2.0,308.09,8.7,D
-33.529,143.9923,361.78,0.7,0.56,2025-09-08,2308,NPP,VIIRS,nominal,2.0,316.85,2.52,N
-4.9,23.0172,312.05,0.54,0.69,2025-11-24,0753,N20,VIIRS,low,2.0,269.7,3.71,D
-11.0892,-59.4708,326.06,0.55,0.41,2025-07-25,1324,N20,VIIRS,low,2.0,288.76,3.39,D
42.1865,20.0031,319.18,0.68,0.59,2025-06-20,1230,NPP,VIIRS,low,2.0,285.49,9.12,D
-3.8227,20.4736,310.75,0.59,0.69,2025-11-30,1931,N21,VIIRS,low,2.0,266.49,1.6,N
-7.5567,-51.9987,330.72,0.55,0.5,2025-08-21,0013,N21,VIIRS,nominal,2.0,289.96,19.61,N
-34.9916,149.3023,307.02,0.6,0.4,2025-09-21,0622,N21,VIIRS,low,2.0,272.8,5.96,D
41.6343,-120.647,341.12,0.51,0.76,2025-05-12,1143,NPP,VIIRS,nominal,2.0,303.38,11.52,D
-7.7196,-59.1139,353.94,0.61,0.43,2025-03-13,0925,NPP,VIIRS,nominal,2.0,307.91,8.31,D
-5.2711,20.5,353.13,0.73,0.57,2025-03-18,1959,N20,VIIRS,high,2.0,310.49,52.75,N
-30.633,145.6439,367.14,0.45,0.73,2025-02-17,0950,NPP,VIIRS,high,2.0,319.26,18.15,D
-1.7518,22.2741,346.1,0.77,0.57,2025-10-01,0817,N20,VIIRS,nominal,2.0,307.55,2.79,D
-32.0072,152.1501,300.0,0.73,0.76,2025-06-21,2259,N21,VIIRS,low,2.0,267.54,6.09,N
-32.5513,149.808,311.12,0.39,0.78,2025-05-31,0144,N20,VIIRS,low,2.0,271.23,1.85,N
39.1998,-119.5532,322.5,0.58,0.41,2025-09-29,1640,NPP,VIIRS,nominal,2.0,286.35,56.9,D
-0.6001,22.5717,313.15,0.65,0.52,2025-11-16,0527,N21,VIIRS,low,2.0,276.78,13.6,N
-10.0863,-55.0348,357.8,0.76,0.36,2025-11-04,1809,NPP,VIIRS,high,2.0,316.49,23.5,D
-33.9524,149.7488,305.92,0.47,0.47,2025-02-28,2353,N20,VIIRS,low,2.0,268.62,12.1,N
-2.2399,16.5589,355.94,0.79,0.75,2025-08-14,1652,N20,VIIRS,nominal,2.0,311.52,2.15,D
-10.0043,-48.3135,324.59,0.74,0.79,2025-04-14,0824,N20,VIIRS,low,2.0,290.77,12.76,D
-35.3512,146.2099,380.0,0.33,0.49,2025-07-12,2021,NPP,VIIRS,high,2.0,336.91,26.92,N
-5.2153,19.6705,331.22,0.49,0.67,2025-12-03,1614,N20,VIIRS,nominal,2.0,298.15,6.44,D
-33.8735,144.7868,303.7,0.76,0.4,2025-01-17,1342,NPP,VIIRS,low,2.0,260.39,5.6,D
39.4243,-118.3436,380.0,0.34,0.43,2025-01-12,0920,N20,VIIRS,high,2.0,331.23,2.25,D
-5.4192,-54.3259,341.83,0.46,0.46,2025-01-17,1430,N20,VIIRS,nominal,2.0,300.57,5.55,D
38.3838,-119.2219,345.7,0.33,0.49,2025-03-26,1204,NPP,VIIRS,nominal,2.0,298.1,29.48,D
-8.7224,-57.0206,380.0,0.66,0.74,2025-02-18,0929,N21,VIIRS,high,2.0,325.27,16.68,D
-35.2232,147.9283,359.75,0.49,0.45,2025-03-28,1027,NPP,VIIRS,high,2.0,318.44,59.08,D
39.5843,-120.3474,371.89,0.47,0.62,2025-12-01,1629,NPP,VIIRS,high,2.0,324.75,4.34,D
37.4773,-119.8004,300.32,0.54,0.45,2025-11-06,1338,N20,VIIRS,low,2.0,266.31,0.5,D
-34.3965,148.2484,304.95,0.33,0.37,2025-08-16,1623,N20,VIIRS,low,2.0,277.05,4.94,D
-34.6994,147.034,330.33,0.54,0.47,2025-06-03,1711,N20,VIIRS,nominal,2.0,289.97,9.35,D
37.8937,-120.5729,380.0,0.58,0.46,2025-04-24,1452,NPP,VIIRS,high,2.0,331.22,38.19,D
-31.9784,150.0612,311.95,0.56,0.6,2025-12-09,2001,N20,VIIRS,low,2.0,268.1,4.79,N
40.7323,20.8693,308.33,0.78,0.46,2025-10-19,0928,N21,VIIRS,low,2.0,273.7,14.05,D
-31.8559,147.8756,306.84,0.6,0.5,2025-03-20,2019,N21,VIIRS,low,2.0,273.21,23.43,N
38.9652,-119.5229,380.0,0.63,0.74,2025-09-12,1123,NPP,VIIRS,high,2.0,329.72,6.16,D
-2.2978,22.9373,324.19,0.35,0.54,2025-09-22,2055,N20,VIIRS,low,2.0,286.0,3.39,N
-11.8163,-57.1269,340.48,0.55,0.45,2025-07-20,0714,N20,VIIRS,nominal,2.0,292.21,,D
-31.7448,147.441,308.04,0.46,0.74,2025-06-23,0521,NPP,VIIRS,low,2.0,276.12,30.73,N
-34.0196,148.0689,324.06,0.35,0.56,2025-01-10,0208,N21,VIIRS,low,2.0,285.65,9.94,N
37.5555,23.9422,380.0,0.57,0.58,2025-05-29,2141,NPP,VIIRS,high,2.0,326.46,14.41,N
37.8454,-120.6655,307.46,0.69,0.74,2025-01-15,1642,N20,VIIRS,low,2.0,268.11,4.19,D
-6.5906,-55.658,308.72,0.45,0.67,2025-05-21,2147,N20,VIIRS,nominal,2.0,272.75,117.07,N
38.5734,-121.9145,321.65,0.47,0.68,2025-04-22,1037,N20,VIIRS,low,2.0,293.1,1.38,D
38.4918,-120.3964,303.77,0.63,0.56,2025-03-20,1817,N21,VIIRS,low,2.0,269.05,20.73,D
-1.7079,18.1343,311.68,0.72,0.43,2025-03-15,0926,NPP,VIIRS,low,2.0,275.37,1.69,D
36.7165,-121.8355,380.0,0.63,0.38,2025-10-07,1733,N20,VIIRS,high,2.0,328.06,5.97,D
-11.4653,-62.3478,319.59,0.37,0.75,2025-10-16,1425,NPP,VIIRS,low,2.0,280.58,5.6,D
-7.5209,-51.4986,329.88,0.62,0.37,2025-01-13,0448,N20,VIIRS,nominal,2.0,293.3,5.38,N
36.4386,20.0116,376.76,0.66,0.59,2025-01-30,0121,N20,VIIRS,high,2.0,331.7,10.16,N
36.0688,-121.7205,344.38,0.59,0.52,2025-10-09,1119,N20,VIIRS,nominal,2.0,307.48,12.02,D
38.5904,-119.8011,313.18,0.78,0.73,2025-07-31,0347,N21,VIIRS,low,2.0,274.58,7.23,N
-32.2176,149.1636,324.59,0.34,0.78,2025-10-10,1008,NPP,VIIRS,low,2.0,287.94,1.33,D
-3.265,19.2475,309.38,0.74,0.44,2025-04-16,0950,N20,VIIRS,low,2.0,272.38,2.79,D
36.0996,-120.6357,307.14,0.77,0.67,2025-05-01,2021,NPP,VIIRS,low,2.0,270.49,27.44,N
-8.8143,-55.1323,380.0,0.58,0.66,2025-10-19,2105,N20,VIIRS,high,2.0,331.45,,N
-31.6417,147.3959,345.0,0.64,0.45,2025-05-04,2045,N20,VIIRS,nominal,2.0,300.59,3.74,N
-30.9228,148.1863,323.85,0.67,0.76,2025-12-19,1945,NPP,VIIRS,low,2.0,286.92,4.53,N
-5.3075,-55.5974,300.0,0.33,0.74,2025-07-05,1722,N20,VIIRS,low,2.0,265.42,3.62,D
35.6044,-117.9505,380.0,0.65,0.36,2025-03-20,1641,N20,VIIRS,high,2.0,341.29,1.83,D
40.228,21.9959,332.93,0.39,0.53,2025-06-24,1659,N20,VIIRS,nominal,2.0,293.42,1.26,D
-3.9856,14.9925,312.55,0.45,0.61,2025-02-26,0340,N20,VIIRS,low,2.0,274.7,23.32,N
-31.0111,149.292,334.96,0.62,0.66,2025-07-14,1756,NPP,VIIRS,nominal,2.0,302.13,48.42,D
35.5896,-121.6069,311.8,0.47,0.58,2025-11-20,1020,N21,VIIRS,low,2.0,272.05,11.01,D
37.4219,-120.1027,318.3,0.53,0.59,2025-02-08,0503,N20,VIIRS,low,2.0,282.28,0.87,N
-8.4329,-50.6069,380.0,0.79,0.69,2025-08-05,0601,N20,VIIRS,high,2.0,332.1,2.58,D
-6.4697,-54.1719,310.02,0.76,0.63,2025-07-25,0051,NPP,VIIRS,low,2.0,276.72,4.86,N
38.0003,-120.0149,338.07,0.48,0.76,2025-11-28,2103,N20,VIIRS,nominal,2.0,298.24,1.34,N
-7.603,-59.4225,306.71,0.59,0.76,2025-01-24,1909,NPP,VIIRS,low,2.0,272.23,4.79,N
-5.8824,-56.4467,314.06,0.42,0.4,2025-03-28,2151,N20,VIIRS,low,2.0,278.39,2.44,N
-33.3118,146.9034,300.0,0.66,0.54,2025-06-22,2347,N20,VIIRS,low,2.0,270.72,2.22,N
-7.3572,-57.6353,334.99,0.67,0.52,2025-08-03,2158,N20,VIIRS,nominal,2.0,296.62,18.25,N
-8.8776,19.6777,380.0,0.48,0.45,2025-10-30,1509,N21,VIIRS,high,2.0,330.45,0.81,D
38.1209,-118.3218,317.79,0.44,0.51,2025-11-24,0702,N20,VIIRS,low,2.0,285.33,3.45,D
-8.6925,-57.508,306.25,0.71,0.38,2025-07-15,0926,N20,VIIRS,low,2.0,269.62,14.81,D
35.514,-118.6914,326.02,0.53,0.8,2025-09-17,1723,N20,VIIRS,low,2.0,283.07,1.0,D
-32.6972,148.5969,302.75,0.47,0.71,2025-01-28,0715,N20,VIIRS,low,2.0,270.71,5.47,D
35.7171,-119.8891,301.86,0.38,0.39,2025-04-11,2351,NPP,VIIRS,low,2.0,269.58,2.43,N
-8.5056,20.8063,314.62,0.77,0.4,2025-04-19,2034,NPP,VIIRS,low,2.0,279.34,17.58,N
-34.2023,150.3318,339.93,0.64,0.46,2025-03-06,1506,NPP,VIIRS,nominal,2.0,299.73,3.46,D
-2.487,15.4063,314.36,0.69,0.72,2025-12-02,1545,NPP,VIIRS,low,2.0,274.68,4.15,D
-2.6089,22.0378,309.52,0.68,0.7,2025-03-30,0019,N21,VIIRS,low,2.0,272.97,7.38,N
39.0228,19.7105,310.67,0.68,0.59,2025-11-02,0933,NPP,VIIRS,low,2.0,272.71,8.22,D
38.5153,-120.0177,380.0,0.59,0.61,2025-10-28,0406,NPP,VIIRS,high,2.0,323.51,3.88,N
-7.6802,19.9225,356.3,0.64,0.73,2025-09-05,0859,N20,VIIRS,nominal,2.0,310.44,8.91,D
40.2714,-120.9607,300.0,0.76,0.67,2025-12-22,1650,N20,VIIRS,low,2.0,265.53,3.79,D
-4.0385,19.3691,307.27,0.59,0.77,2025-11-30,0426,N21,VIIRS,low,2.0,266.04,15.2,N
-36.1644,148.1005,316.3,0.58,0.53,2025-06-28,1145,NPP,VIIRS,low,2.0,274.9,4.06,D
-8.5912,-62.3647,343.19,0.58,0.45,2025-08-21,1817,NPP,VIIRS,nominal,2.0,293.06,9.27,D
-1.6928,23.3272,307.68,0.43,0.69,2025-04-06,0556,N20,VIIRS,low,2.0,276.17,5.65,N
-31.5708,143.9001,315.87,0.33,0.65,2025-06-17,1010,NPP,VIIRS,low,2.0,282.72,4.97,D
36.6184,-120.0499,380.0,0.32,0.42,2025-03-07,0226,N20,VIIRS,high,2.0,333.73,10.02,N
-11.0463,-50.0843,308.2,0.51,0.65,2025-06-19,2125,N20,VIIRS,low,2.0,273.85,14.36,N
36.113,-119.7244,300.0,0.48,0.62,2025-12-23,1644,N21,VIIRS,low,2.0,271.94,5.32,D
38.9263,-119.2639,322.08,0.54,0.55,2025-05-02,0502,NPP,VIIRS,low,2.0,287.23,4.07,N
39.1365,20.0602,300.47,0.48,0.73,2025-10-07,0753,NPP,VIIRS,low,2.0,262.89,14.17,D
-3.0006,21.1328,364.4,0.51,0.78,2025-03-24,1616,N20,VIIRS,high,2.0,317.35,16.56,D
39.57,25.0276,311.19,0.32,0.39,2025-07-29,1920,N20,VIIRS,low,2.0,278.73,22.0,N
-1.5641,18.7683,359.0,0.41,0.44,2025-08-24,1854,N20,VIIRS,nominal,2.0,316.41,3.53,D
-8.3448,-55.5283,304.73,0.46,0.79,2025-02-16,1021,N20,VIIRS,low,2.0,272.43,,D
-30.6166,147.8326,315.49,0.48,0.52,2025-01-06,1325,N20,VIIRS,low,2.0,278.19,11.04,D
-5.9326,-54.1958,325.42,0.68,0.39,2025-01-01,2156,N20,VIIRS,low,2.0,277.18,1.1,N
37.5257,20.6431,351.44,0.71,0.55,2025-05-19,1046,NPP,VIIRS,nominal,2.0,303.96,13.13,D
-8.9005,-56.0167,324.03,0.55,0.77,2025-10-09,1514,N20,VIIRS,low,2.0,284.73,2.88,D
-31.0525,148.5976,364.18,0.36,0.64,2025-01-28,1218,N21,VIIRS,high,2.0,326.05,4.89,D
39.5133,22.4657,335.67,0.59,0.54,2025-07-30,1007,NPP,VIIRS,nominal,2.0,296.47,0.5,D
39.918,18.9369,362.78,0.75,0.75,2025-12-12,1250,N20,VIIRS,high,2.0,312.09,16.92,D
-5.9275,-54.4513,380.0,0.7,0.65,2025-09-04,1007,N20,VIIRS,high,2.0,338.76,21.11,D
36.4347,-117.1224,344.6,0.59,0.72,2025-06-06,0630,N20,VIIRS,nominal,2.0,304.64,5.9,D
41.7405,-121.3772,380.0,0.77,0.72,2025-09-24,0317,NPP,VIIRS,high,2.0,330.38,11.37,N
-9.9461,-59.0242,343.36,0.35,0.76,2025-09-27,2104,N20,VIIRS,nominal,2.0,299.79,7.71,N
35.2738,-121.4791,302.51,0.36,0.71,2025-09-07,2359,NPP,VIIRS,low,2.0,263.29,20.81,N
38.1294,21.6093,380.0,0.33,0.55,2025-02-01,0414,NPP,VIIRS,high,2.0,329.88,1.73,N
-4.3885,18.1861,306.38,0.42,0.61,2025-08-02,0510,N20,VIIRS,low,2.0,268.78,18.67,N
-35.4996,147.4695,303.02,0.41,0.43,2025-03-26,2348,NPP,VIIRS,low,2.0,271.31,4.61,N
-10.3959,-53.3399,335.15,0.78,0.73,2025-01-09,1508,NPP,VIIRS,nominal,2.0,297.86,0.5,D
-1.4892,22.2701,375.95,0.7,0.6,2025-05-17,1046,NPP,VIIRS,high,2.0,330.52,7.05,D
37.4106,19.5619,310.52,0.41,0.59,2025-06-24,1357,NPP,VIIRS,low,2.0,272.3,15.66,D
38.0894,-120.4954,311.22,0.68,0.38,2025-11-09,1021,N20,VIIRS,low,2.0,277.8,3.94,D
-32.0537,146.5942,325.49,0.66,0.66,2025-05-30,1718,NPP,VIIRS,low,2.0,281.34,3.79,D
35.491,-119.2685,325.1,0.55,0.45,2025-03-22,1426,NPP,VIIRS,low,2.0,292.15,3.8,D
35.4729,-121.3086,317.49,0.79,0.4,2025-12-16,1918,N20,VIIRS,low,2.0,286.05,2.86,N
-1.2431,18.3884,322.23,0.39,0.59,2025-01-07,0637,N20,VIIRS,nominal,2.0,288.51,43.56,D
40.4483,-118.9361,307.92,0.66,0.7,2025-02-11,1411,N20,VIIRS,low,2.0,273.52,1.45,D
39.1815,22.446,337.66,0.36,0.68,2025-03-09,1640,N20,VIIRS,nominal,2.0,293.42,3.29,D
39.6066,24.9525,319.11,0.71,0.56,2025-06-29,0706,NPP,VIIRS,low,2.0,281.27,2.2,D
41.4867,24.0495,346.86,0.63,0.67,2025-11-12,1640,N20,VIIRS,nominal,2.0,295.33,2.92,D
38.9623,21.5815,332.02,0.57,0.77,2025-07-26,2000,NPP,VIIRS,nominal,2.0,287.95,10.16,N
39.81,25.4735,319.36,0.58,0.62,2025-07-07,1413,N21,VIIRS,low,2.0,282.99,23.52,D
38.5537,21.3286,327.09,0.62,0.6,2025-06-15,0918,N20,VIIRS,nominal,2.0,289.84,29.15,D
-9.0887,-49.4761,305.52,0.41,0.76,2025-05-27,0247,N20,VIIRS,low,2.0,267.81,2.04,N
-6.8205,-55.7331,369.0,0.51,0.38,2025-02-13,2014,NPP,VIIRS,high,2.0,323.91,6.49,N
38.6814,-119.9694,307.61,0.63,0.62,2025-03-30,0629,NPP,VIIRS,low,2.0,273.88,14.89,D
42.0466,25.9023,322.21,0.48,0.45,2025-01-21,1842,N20,VIIRS,low,2.0,276.43,4.54,D
-29.4776,147.9994,323.23,0.74,0.4,2025-05-08,1708,N20,VIIRS,low,2.0,282.99,7.01,D
-3.8481,21.7824,301.89,0.62,0.36,2025-09-26,0004,N20,VIIRS,low,2.0,267.27,3.52,N
-4.1369,20.0691,359.25,0.49,0.64,2025-10-18,2209,NPP,VIIRS,high,2.0,317.92,18.32,N
37.231,-115.937,319.83,0.56,0.53,2025-09-26,1237,NPP,VIIRS,low,2.0,277.8,0.74,D
-4.7017,14.676,324.88,0.33,0.72,2025-01-18,0614,N20,VIIRS,nominal,2.0,287.31,20.47,D
38.7186,25.9875,312.14,0.36,0.71,2025-05-16,1229,N20,VIIRS,low,2.0,275.62,5.6,D
-33.1771,147.0922,348.0,0.62,0.5,2025-03-01,0721,N20,VIIRS,nominal,2.0,308.49,2.64,D
-3.5807,18.8201,336.22,0.55,0.65,2025-01-14,1301,N20,VIIRS,nominal,2.0,299.0,6.47,D
38.7032,-120.1573,329.57,0.65,0.5,2025-06-01,0138,N20,VIIRS,nominal,2.0,289.08,3.34,N
-30.5332,147.9846,310.79,0.62,0.73,2025-04-10,2145,NPP,VIIRS,low,2.0,268.23,13.44,N
-32.2529,150.9109,307.01,0.38,0.53,2025-11-06,0635,NPP,VIIRS,low,2.0,272.3,3.15,D
-5.1687,-54.3789,380.0,0.7,0.4,2025-02-11,2346,NPP,VIIRS,high,2.0,334.07,1.28,N
38.373,19.5574,343.64,0.48,0.6,2025-11-09,0245,NPP,VIIRS,nominal,2.0,302.23,5.15,N
37.7238,-118.9781,304.96,0.47,0.58,2025-01-23,1603,N21,VIIRS,low,2.0,269.64,8.34,D
42.1561,18.6736,348.37,0.45,0.57,2025-03-11,0625,NPP,VIIRS,nominal,2.0,303.4,20.06,D
39.7664,19.9329,367.98,0.56,0.63,2025-11-23,0915,NPP,VIIRS,high,2.0,321.03,4.12,D
-31.9571,150.6739,317.96,0.73,0.75,2025-06-18,2238,N20,VIIRS,low,2.0,285.52,4.87,N
-6.7493,-52.9353,317.18,0.33,0.47,2025-05-05,0351,N20,VIIRS,low,2.0,278.17,5.79,N
37.9503,-121.4555,313.53,0.34,0.56,2025-02-16,1829,N20,VIIRS,low,2.0,285.09,3.67,D
-4.8655,21.9052,380.0,0.75,0.59,2025-06-16,0227,N20,VIIRS,high,2.0,333.97,7.49,N
-29.3732,147.3142,319.45,0.38,0.71,2025-01-27,0714,NPP,VIIRS,nominal,2.0,280.88,128.17,D
-35.7982,144.9594,310.12,0.53,0.5,2025-01-23,1754,N20,VIIRS,low,2.0,274.79,2.55,D
-10.834,-51.4342,321.71,0.46,0.72,2025-03-28,1940,NPP,VIIRS,low,2.0,283.66,7.62,N
38.7158,-120.802,300.2,0.37,0.38,2025-02-03,1446,NPP,VIIRS,low,2.0,270.62,5.74,D
-11.068,-57.8654,306.96,0.74,0.74,2025-12-03,1903,NPP,VIIRS,low,2.0,273.18,11.88,N
37.4217,-119.3337,341.81,0.65,0.78,2025-04-06,0404,N21,VIIRS,nominal,2.0,296.54,2.7,N
-9.6616,-57.1089,309.67,0.48,0.58,2025-10-09,0800,N21,VIIRS,low,2.0,268.67,10.59,D
34.8843,-118.4345,321.57,0.6,0.42,2025-04-30,0849,NPP,VIIRS,low,2.0,284.89,4.91,D
36.3685,-119.6698,378.08,0.73,0.4,2025-09-15,1245,NPP,VIIRS,high,2.0,328.7,10.97,D
-10.0457,-53.4788,379.34,0.39,0.7,2025-05-22,1439,N20,VIIRS,high,2.0,333.39,19.2,D
38.0724,-119.9181,357.28,0.74,0.37,2025-07-29,1557,NPP,VIIRS,nominal,2.0,314.59,2.32,D
37.9714,-121.5622,348.04,0.57,0.45,2025-08-31,2035,NPP,VIIRS,nominal,2.0,309.2,8.6,N
39.1141,-119.5539,305.64,0.48,0.63,2025-04-30,0451,NPP,VIIRS,low,2.0,269.29,8.12,N
37.0815,-120.4498,306.69,0.74,0.76,2025-03-20,0023,N20,VIIRS,low,2.0,266.68,7.18,N
-5.0158,-51.0703,340.94,0.51,0.75,2025-10-30,0601,NPP,VIIRS,nominal,2.0,297.63,69.24,D
-5.4619,21.819,337.69,0.69,0.38,2025-12-31,0413,N21,VIIRS,nominal,2.0,295.14,1.58,N
39.4124,19.0198,308.73,0.65,0.51,2025-06-25,2031,NPP,VIIRS,low,2.0,280.11,1.45,N
-9.8716,-51.5376,328.43,0.47,0.72,2025-05-15,1639,N20,VIIRS,nominal,2.0,291.74,0.5,D
-8.4941,-57.3891,304.85,0.44,0.63,2025-09-10,1215,NPP,VIIRS,low,2.0,266.36,27.01,D
40.9694,26.044,309.48,0.45,0.8,2025-11-22,0758,NPP,VIIRS,low,2.0,274.64,5.23,D
1.3338,20.2332,318.49,0.48,0.45,2025-10-13,0234,NPP,VIIRS,low,2.0,283.13,6.62,N
37.5219,-120.5732,300.0,0.34,0.71,2025-12-02,0138,NPP,VIIRS,low,2.0,259.68,19.23,N
-2.0253,19.8177,378.74,0.41,0.67,2025-08-22,0614,NPP,VIIRS,high,2.0,329.77,1.82,D
39.9603,24.299,330.09,0.4,0.58,2025-04-13,1842,N20,VIIRS,nominal,2.0,289.35,5.06,D
-35.4996,147.4695,303.02,0.41,0.43,2025-03-26,2348,NPP,VIIRS,low,2.0,271.31,4.61,N
39.8045,26.3113,332.12,0.36,0.73,2025-04-01,0642,NPP,VIIRS,nominal,2.0,288.8,4.34,D
37.1497,-122.5086,329.72,0.67,0.38,2025-07-04,2041,N20,VIIRS,nominal,2.0,286.07,4.21,N
-6.3371,-52.6492,334.87,0.6,0.37,2025-01-03,1845,NPP,VIIRS,nominal,2.0,300.91,5.78,D
-32.099,147.4765,307.73,0.51,0.73,2025-04-09,2345,N20,VIIRS,low,2.0,264.19,3.31,N
-2.8962,21.6326,347.26,0.63,0.43,2025-02-05,1945,N20,VIIRS,nominal,2.0,303.69,6.25,N
38.187,21.6453,375.55,0.76,0.71,2025-12-01,0016,N20,VIIRS,high,2.0,320.44,48.99,N
-2.3822,18.5973,302.26,0.53,0.79,2025-01-17,1514,N20,VIIRS,low,2.0,267.58,1.58,D
39.1702,-119.0553,300.7,0.75,0.5,2025-10-20,1140,N20,VIIRS,low,2.0,268.53,37.26,D
38.8846,-121.4985,358.06,0.68,0.6,2025-06-20,1426,NPP,VIIRS,high,2.0,314.69,52.54,D
-31.6682,148.8432,309.14,0.59,0.74,2025-12-09,1309,N20,VIIRS,low,2.0,271.84,0.91,D
-6.9903,-56.8493,305.86,0.33,0.69,2025-03-16,0443,NPP,VIIRS,low,2.0,273.66,4.67,N
-6.0526,-58.6744,319.55,0.72,0.4,2025-09-29,2001,NPP,VIIRS,low,2.0,277.51,10.8,N
35.6781,-120.0193,347.74,0.33,0.66,2025-08-13,2322,N20,VIIRS,high,2.0,300.5,78.75,N
-2.2174,20.0102,311.74,0.49,0.55,2025-03-17,0452,N20,VIIRS,low,2.0,273.21,0.56,N
-33.7028,151.1268,380.0,0.35,0.54,2025-03-11,0625,NPP,VIIRS,high,2.0,335.24,4.49,D
-31.6809,151.533,332.23,0.4,0.63,2025-01-02,1518,NPP,VIIRS,nominal,2.0,297.38,29.54,D
40.5475,23.1855,320.12,0.73,0.65,2025-03-19,1056,NPP,VIIRS,low,2.0,288.35,7.68,D
-32.6714,152.3924,322.82,0.65,0.45,2025-10-07,1743,NPP,VIIRS,low,2.0,285.2,5.04,D
-28.1176,148.8743,319.79,0.48,0.6,2025-08-07,0255,N20,VIIRS,low,2.0,281.45,4.02,N
-5.8243,-54.7688,338.98,0.44,0.72,2025-12-07,1131,NPP,VIIRS,nominal,2.0,311.23,14.01,D
-10.8488,-51.615,313.03,0.73,0.54,2025-05-06,0614,N20,VIIRS,low,2.0,270.23,49.42,D
37.0571,-120.7338,308.4,0.41,0.58,2025-08-24,0437,N20,VIIRS,low,2.0,273.65,13.95,N
37.4429,-120.1199,345.34,0.8,0.68,2025-06-11,1347,N20,VIIRS,nominal,2.0,294.2,7.23,D
-7.9311,18.5909,374.51,0.74,0.53,2025-12-21,0026,N20,VIIRS,high,2.0,332.2,4.64,N
37.4453,18.6889,331.33,0.45,0.37,2025-05-01,1201,NPP,VIIRS,nominal,2.0,291.29,2.13,D
37.1501,-119.2258,300.79,0.53,0.7,2025-10-03,1542,NPP,VIIRS,low,2.0,267.78,12.19,D
39.389,20.8715,332.57,0.53,0.67,2025-12-02,0953,NPP,VIIRS,nominal,2.0,294.07,94.15,D
-4.6795,20.5559,317.02,0.53,0.74,2025-07-29,0626,NPP,VIIRS,low,2.0,281.06,4.45,D
-6.7857,-57.3305,377.1,0.66,0.67,2025-10-12,0148,N20,VIIRS,high,2.0,318.76,0.88,N
-34.572,145.2379,320.51,0.34,0.8,2025-05-18,0454,N20,VIIRS,low,2.0,285.75,17.8,N
38.795,-118.2884,372.87,0.37,0.69,2025-03-01,0804,NPP,VIIRS,high,2.0,333.45,14.81,D
-30.9411,147.3262,351.34,0.42,0.59,2025-02-04,1922,N20,VIIRS,nominal,2.0,313.01,6.94,N
39.6638,23.1119,366.42,0.63,0.44,2025-09-04,2118,N21,VIIRS,high,2.0,323.85,5.0,N
37.7153,-121.4605,380.0,0.48,0.59,2025-03-13,0240,NPP,VIIRS,high,2.0,336.48,18.35,N
-10.689,-57.4156,341.89,0.64,0.72,2025-10-17,0710,NPP,VIIRS,nominal,2.0,305.14,0.5,D
-6.346,-57.1876,328.17,0.54,0.74,2025-10-11,1600,NPP,VIIRS,nominal,2.0,286.98,2.15,D
-12.9814,-55.2754,380.0,0.64,0.57,2025-08-18,1751,N21,VIIRS,high,2.0,325.33,6.67,D
-10.3853,-53.6554,316.12,0.34,0.76,2025-12-09,2028,N20,VIIRS,low,2.0,276.15,9.02,N
-3.6494,16.7919,371.05,0.67,0.64,2025-06-01,0441,N20,VIIRS,high,2.0,324.61,0.84,N
-29.6573,146.1972,304.83,0.74,0.48,2025-01-02,2240,NPP,VIIRS,low,2.0,267.19,28.84,N
37.029,-119.2677,340.85,0.48,0.75,2025-05-04,1452,N21,VIIRS,nominal,2.0,297.14,5.0,D
-9.5088,-55.888,380.0,0.41,0.51,2025-09-26,1651,N20,VIIRS,high,2.0,328.52,29.47,D
-5.4284,-59.8209,322.64,0.67,0.56,2025-05-28,2212,N20,VIIRS,low,2.0,291.69,12.55,N
-9.604,-55.1954,360.1,0.65,0.46,2025-08-26,0018,NPP,VIIRS,nominal,2.0,314.8,4.27,N
36.4246,-121.268,320.92,0.45,0.69,2025-11-18,1301,NPP,VIIRS,low,2.0,286.35,3.87,D
35.5477,-120.314,323.36,0.53,0.53,2025-10-14,1829,NPP,VIIRS,low,2.0,286.33,12.74,D
-30.5538,147.4823,334.69,0.65,0.48,2025-03-10,1735,NPP,VIIRS,nominal,2.0,298.99,7.63,D
-11.3158,-60.7543,344.42,0.52,0.41,2025-08-27,1203,N21,VIIRS,nominal,2.0,300.43,8.08,D
-4.7649,15.2577,380.0,0.32,0.44,2025-06-01,2142,N20,VIIRS,high,2.0,330.01,3.83,N
-7.6507,-56.9652,319.8,0.74,0.45,2025-02-22,0845,N20,VIIRS,low,2.0,272.64,7.84,D
37.1615,-119.7562,312.16,0.57,0.59,2025-12-09,0638,N20,VIIRS,low,2.0,278.16,3.13,D
-2.1337,19.4655,372.94,0.58,0.36,2025-06-03,2222,N20,VIIRS,high,2.0,329.12,16.52,N
36.1584,24.5535,331.18,0.49,0.39,2025-05-24,0244,N20,VIIRS,nominal,2.0,291.26,1.6,N
38.9763,-119.7488,305.43,0.76,0.67,2025-12-05,1053,N20,VIIRS,low,2.0,271.18,2.72,D
37.0454,-116.6433,380.0,0.52,0.71,2025-06-24,1238,N20,VIIRS,high,2.0,322.23,10.19,D
39.3024,-119.7942,371.87,0.4,0.48,2025-04-19,1503,NPP,VIIRS,high,2.0,326.61,16.35,D
-32.8428,143.7425,305.64,0.69,0.6,2025-03-11,2038,N20,VIIRS,low,2.0,279.75,1.78,N
-4.5146,22.5971,360.02,0.54,0.46,2025-02-07,0256,NPP,VIIRS,nominal,2.0,311.86,7.33,N
38.8332,-120.5245,302.98,0.44,0.52,2025-12-05,1043,NPP,VIIRS,low,2.0,267.95,20.45,D
42.6671,26.4819,302.93,0.73,0.62,2025-05-02,0509,NPP,VIIRS,low,2.0,270.89,1.97,N
38.9238,-120.2059,371.57,0.35,0.76,2025-07-15,1800,N20,VIIRS,high,2.0,323.8,2.22,D
-3.5809,17.3801,380.0,0.58,0.38,2025-10-23,1052,NPP,VIIRS,high,2.0,333.04,3.04,D
-34.3573,147.3635,327.76,0.46,0.67,2025-06-08,1735,N20,VIIRS,nominal,2.0,289.42,2.25,D
38.2318,-119.9618,301.04,0.5,0.68,2025-04-30,0605,NPP,VIIRS,low,2.0,268.84,9.14,D
40.6822,-121.5128,309.68,0.65,0.41,2025-11-18,0455,NPP,VIIRS,low,2.0,277.15,18.38,N
-33.1253,148.4825,309.83,0.71,0.39,2025-03-17,2317,N20,VIIRS,low,2.0,269.19,3.57,N
-10.7289,-57.6298,339.19,0.63,0.58,2025-07-04,2017,NPP,VIIRS,nominal,2.0,296.31,7.95,N
-32.3007,144.8704,300.0,0.76,0.73,2025-06-01,1314,N20,VIIRS,low,2.0,270.42,1.48,D
-4.6557,-52.7262,305.11,0.73,0.73,2025-01-10,0419,N20,VIIRS,low,2.0,262.41,8.03,N
-12.396,-58.3642,342.74,0.79,0.53,2025-07-19,0431,N20,VIIRS,nominal,2.0,301.85,2.8,N
-2.9555,19.765,320.08,0.53,0.68,2025-02-24,0751,N20,VIIRS,low,2.0,286.48,29.13,D
37.6301,22.0854,303.18,0.36,0.44,2025-09-22,1937,NPP,VIIRS,low,2.0,270.04,3.42,N
-35.3023,142.3218,336.29,0.59,0.56,2025-04-01,2114,N20,VIIRS,nominal,2.0,296.78,9.54,N
-29.6619,146.1149,300.0,0.33,0.78,2025-04-26,1220,N20,VIIRS,low,2.0,269.75,48.84,D
-8.5638,-57.8592,344.71,0.61,0.58,2025-11-17,1225,NPP,VIIRS,nominal,2.0,306.61,11.79,D
37.0883,-119.4728,328.96,0.65,0.41,2025-04-03,0854,N20,VIIRS,nominal,2.0,289.94,1.28,D
39.4103,-118.8462,335.71,0.35,0.77,2025-03-08,1100,N21,VIIRS,nominal,2.0,298.1,3.76,D
-2.8746,-54.0975,380.0,0.55,0.47,2025-07-22,0300,N20,VIIRS,high,2.0,327.57,14.39,N
36.0279,-121.0952,316.13,0.51,0.77,2025-02-08,1907,NPP,VIIRS,low,2.0,285.96,28.94,N
39.9092,24.6073,316.0,0.5,0.62,2025-07-03,2017,NPP,VIIRS,low,2.0,273.47,12.31,N
-9.2834,-54.0561,335.07,0.4,0.57,2025-08-16,1624,N21,VIIRS,nominal,2.0,303.92,5.25,D
39.1452,-116.169,316.92,0.59,0.41,2025-10-31,0902,N20,VIIRS,low,2.0,276.28,2.86,D
-10.6377,-49.2507,321.88,0.48,0.77,2025-05-27,1429,N20,VIIRS,low,2.0,283.72,11.29,D
-35.5688,150.9518,357.5,0.35,0.58,2025-02-07,0012,NPP,VIIRS,high,2.0,310.22,48.05,N
-33.6104,150.0938,300.0,0.77,0.53,2025-04-21,1026,N20,VIIRS,low,2.0,262.15,13.37,D
-33.0332,147.7884,300.0,0.64,0.47,2025-04-30,0313,N20,VIIRS,low,2.0,269.8,20.64,N
39.3533,-119.1775,380.0,0.35,0.64,2025-01-26,2127,N20,VIIRS,high,2.0,317.64,8.37,N
-8.412,-51.4848,349.77,0.38,0.5,2025-05-06,0256,NPP,VIIRS,nominal,2.0,312.04,53.29,N
-2.6811,18.0705,380.0,0.36,0.44,2025-02-20,0419,N21,VIIRS,high,2.0,332.89,16.18,N
-5.6442,17.0737,320.09,0.4,0.52,2025-11-29,0614,NPP,VIIRS,low,2.0,283.68,16.4,D
38.9752,-122.4886,321.53,0.5,0.64,2025-06-10,1640,NPP,VIIRS,nominal,2.0,285.05,29.23,D
-8.691,-54.2159,333.79,0.71,0.48,2025-07-10,1220,NPP,VIIRS,nominal,2.0,297.7,2.16,D
40.349,24.7908,301.01,0.61,0.6,2025-09-18,0845,N20,VIIRS,low,2.0,258.2,18.55,D
-33.0925,148.2282,300.0,0.43,0.5,2025-08-25,1655,N20,VIIRS,low,2.0,264.73,2.6,D
39.3601,-119.3317,300.0,0.57,0.79,2025-07-16,1230,N20,VIIRS,low,2.0,267.65,11.55,D
-37.2197,150.6787,300.0,0.76,0.64,2025-08-24,0617,NPP,VIIRS,low,2.0,269.33,4.54,D
-31.0059,150.2547,324.27,0.77,0.54,2025-04-23,2311,NPP,VIIRS,low,2.0,288.36,0.83,N
-5.1062,21.6701,317.25,0.32,0.59,2025-12-23,2001,NPP,VIIRS,low,2.0,280.16,6.0,N
34.7704,-119.7679,305.33,0.7,0.64,2025-01-21,0623,N21,VIIRS,low,2.0,269.79,22.09,D
41.8602,-118.7446,331.76,0.32,0.73,2025-07-19,0633,NPP,VIIRS,nominal,2.0,289.51,7.85,D
-34.26,149.4639,309.18,0.77,0.66,2025-11-26,1942,N20,VIIRS,low,2.0,272.64,7.57,N
-1.8632,21.4499,300.0,0.74,0.64,2025-12-22,0907,N20,VIIRS,low,2.0,267.09,4.88,D
-2.6122,21.7198,301.73,0.79,0.63,2025-07-16,1327,NPP,VIIRS,low,2.0,266.85,5.43,D
39.9223,18.3795,356.51,0.54,0.73,2025-02-27,0549,NPP,VIIRS,nominal,2.0,310.16,2.68,N
-1.7984,22.5473,325.31,0.38,0.68,2025-04-17,0735,N20,VIIRS,low,2.0,283.14,4.4,D
-5.6288,23.602,305.66,0.76,0.54,2025-12-17,1354,N20,VIIRS,low,2.0,270.0,5.64,D
-4.88,-51.927,354.19,0.64,0.71,2025-03-09,2230,NPP,VIIRS,nominal,2.0,313.47,13.21,N
38.9852,-118.0738,331.48,0.58,0.6,2025-04-19,2141,N20,VIIRS,nominal,2.0,288.42,1.92,N
-12.4797,-51.776,380.0,0.57,0.73,2025-04-13,1227,NPP,VIIRS,high,2.0,326.99,4.59,D
38.0562,23.6769,308.42,0.77,0.47,2025-07-24,2225,N21,VIIRS,low,2.0,276.37,1.93,N
-30.6362,148.9618,318.67,0.73,0.68,2025-03-10,1651,N20,VIIRS,low,2.0,280.69,5.48,D
-33.7954,145.6319,318.82,0.67,0.37,2025-11-05,0128,NPP,VIIRS,low,2.0,279.58,,N
-11.239,-56.3287,301.81,0.36,0.44,2025-01-29,0126,N20,VIIRS,low,2.0,265.84,0.91,N
-7.7972,-52.4464,380.0,0.66,0.65,2025-11-12,2257,NPP,VIIRS,high,2.0,332.78,6.87,N
38.2218,-121.7378,324.24,0.62,0.57,2025-03-08,2321,N20,VIIRS,low,2.0,280.53,1.77,N
-28.4458,145.531,351.99,0.38,0.62,2025-01-22,0314,N20,VIIRS,nominal,2.0,312.74,3.47,N
-31.9702,149.6399,310.77,0.56,0.45,2025-11-03,0808,N20,VIIRS,low,2.0,277.76,3.21,D
-36.8245,147.8627,368.56,0.34,0.64,2025-03-30,0952,N20,VIIRS,high,2.0,319.42,11.92,D
35.491,-119.2685,325.1,0.55,0.45,2025-03-22,1426,NPP,VIIRS,low,2.0,292.15,3.8,D
36.2529,-118.5756,350.45,0.53,0.7,2025-04-06,0214,N21,VIIRS,nominal,2.0,310.83,5.6,N
-2.9382,22.0595,335.67,0.62,0.66,2025-10-27,1216,NPP,VIIRS,nominal,2.0,290.71,12.28,D
-3.2311,-56.6991,330.42,0.44,0.63,2025-05-01,1030,NPP,VIIRS,nominal,2.0,295.22,7.22,D
-3.9547,16.6266,341.26,0.34,0.78,2025-04-16,1849,NPP,VIIRS,nominal,2.0,301.28,18.96,D
-34.6348,148.6426,326.99,0.63,0.75,2025-05-05,2303,NPP,VIIRS,low,2.0,276.67,1.52,N
-35.3779,147.9002,324.1,0.59,0.64,2025-01-27,1549,NPP,VIIRS,low,2.0,292.7,7.55,D
-34.1719,148.6582,306.74,0.48,0.44,2025-12-12,2241,NPP,VIIRS,low,2.0,271.17,7.26,N
40.9116,24.1472,300.0,0.75,0.44,2025-01-16,0646,N20,VIIRS,low,2.0,269.02,6.4,D
37.8924,-121.7195,307.65,0.67,0.45,2025-02-14,1226,NPP,VIIRS,low,2.0,267.45,4.43,D
39.7609,17.8075,345.57,0.47,0.8,2025-03-28,0125,NPP,VIIRS,nominal,2.0,300.71,1.97,N
-4.8865,19.3074,348.79,0.53,0.39,2025-01-06,0814,N20,VIIRS,nominal,2.0,312.7,20.38,D
-31.0824,150.2554,352.53,0.54,0.46,2025-09-20,1926,NPP,VIIRS,nominal,2.0,307.33,7.12,N
-31.3414,146.7367,300.0,0.44,0.78,2025-04-18,0233,N21,VIIRS,low,2.0,266.12,14.48,N
-34.7566,147.244,326.78,0.71,0.62,2025-03-10,1228,NPP,VIIRS,nominal,2.0,289.36,7.32,D
-31.7866,147.6336,316.13,0.44,0.52,2025-06-19,1701,N20,VIIRS,low,2.0,279.85,1.66,D
-33.0511,144.4618,328.67,0.52,0.45,2025-01-28,1953,NPP,VIIRS,nominal,2.0,289.99,18.09,N
-3.1154,18.1982,314.9,0.6,0.71,2025-09-12,0043,N20,VIIRS,nominal,2.0,278.0,49.99,N
-5.9321,-54.555,367.71,0.49,0.41,2025-12-18,0317,NPP,VIIRS,high,2.0,331.81,1.88,N
38.2773,-119.6097,329.06,0.77,0.38,2025-02-17,2041,N20,VIIRS,nominal,2.0,290.76,60.28,N
37.2526,22.3248,357.54,0.5,0.7,2025-01-14,0741,NPP,VIIRS,nominal,2.0,318.38,21.98,D
-12.9851,-55.7529,349.17,0.42,0.37,2025-04-25,0649,N20,VIIRS,nominal,2.0,310.02,41.74,D
-4.3368,19.2176,334.9,0.79,0.59,2025-11-08,0316,NPP,VIIRS,nominal,2.0,296.22,7.01,N
36.8263,19.4086,366.86,0.71,0.61,2025-02-22,0007,NPP,VIIRS,high,2.0,318.41,27.11,N
-3.8643,15.1522,330.73,0.45,0.79,2025-04-17,1300,NPP,VIIRS,nominal,2.0,291.54,5.38,D
-8.2003,-59.6389,365.13,0.33,0.6,2025-04-06,0738,NPP,VIIRS,high,2.0,321.97,0.58,D
-31.535,148.5774,346.8,0.34,0.68,2025-10-11,1944,N20,VIIRS,nominal,2.0,306.28,11.27,N
-5.3979,-54.327,316.4,0.6,0.37,2025-10-17,0052,NPP,VIIRS,low,2.0,282.36,1.85,N
-5.649,18.5394,352.51,0.8,0.41,2025-04-25,1929,NPP,VIIRS,nominal,2.0,303.71,4.48,N
-8.9156,-59.2256,380.0,0.78,0.65,2025-12-29,1022,NPP,VIIRS,high,2.0,331.74,1.93,D
36.8897,22.0483,308.21,0.78,0.75,2025-03-19,0755,N21,VIIRS,low,2.0,275.53,20.9,D
-6.73,21.6836,301.6,0.66,0.74,2025-08-03,0009,N20,VIIRS,low,2.0,262.76,55.59,N
-4.8475,18.9118,377.67,0.56,0.78,2025-11-06,0501,N21,VIIRS,high,2.0,328.09,10.33,N
-4.4316,17.1734,311.52,0.7,0.79,2025-06-16,0454,NPP,VIIRS,low,2.0,273.61,11.06,N
38.7274,20.0492,313.85,0.38,0.63,2025-06-17,0353,N21,VIIRS,low,2.0,280.26,14.26,N
-34.8013,146.0716,316.99,0.72,0.57,2025-12-26,1909,NPP,VIIRS,low,2.0,271.82,2.56,N
37.7598,-122.0224,300.0,0.75,0.39,2025-10-05,0321,N20,VIIRS,low,2.0,258.3,2.5,N
36.7905,-119.4233,332.37,0.41,0.62,2025-03-17,1143,N20,VIIRS,nominal,2.0,290.34,7.42,D
36.9493,-120.4165,309.45,0.42,0.65,2025-05-16,2006,NPP,VIIRS,low,2.0,270.16,20.75,N
-3.5459,19.2222,334.21,0.65,0.66,2025-10-03,1409,NPP,VIIRS,nominal,2.0,300.1,11.83,D
-37.149,147.9559,357.06,0.67,0.57,2025-09-10,1548,N20,VIIRS,nominal,2.0,312.17,13.89,D
-3.7202,22.3907,380.0,0.38,0.49,2025-03-19,1649,NPP,VIIRS,high,2.0,327.85,13.66,D
38.2507,-118.3624,332.11,0.67,0.43,2025-12-07,0728,N21,VIIRS,nominal,2.0,290.41,5.12,D
38.9034,-121.6315,322.06,0.54,0.64,2025-05-01,1807,NPP,VIIRS,low,2.0,285.49,3.24,D
-32.4949,150.7691,331.62,0.4,0.51,2025-02-20,0130,N20,VIIRS,nominal,2.0,291.78,3.15,N
-32.2529,150.9109,307.01,0.38,0.53,2025-11-06,0635,NPP,VIIRS,low,2.0,272.3,3.15,D
34.7651,-120.162,321.3,0.38,0.66,2025-10-06,2033,N20,VIIRS,nominal,2.0,285.2,33.36,N
-30.3636,145.2837,338.3,0.62,0.49,2025-04-07,0224,N21,VIIRS,nominal,2.0,297.19,5.31,N
-3.6857,20.4229,336.5,0.66,0.57,2025-08-01,0321,NPP,VIIRS,nominal,2.0,296.31,3.12,N
38.8184,22.5317,310.25,0.42,0.7,2025-01-18,1644,NPP,VIIRS,low,2.0,272.41,5.3,D
40.3753,22.1915,320.97,0.74,0.7,2025-10-24,1344,N20,VIIRS,nominal,2.0,285.4,138.49,D
-35.1102,148.2525,380.0,0.72,0.5,2025-10-22,1630,N20,VIIRS,high,2.0,328.02,7.4,D
36.8164,-122.1354,336.47,0.7,0.61,2025-02-17,1635,NPP,VIIRS,nominal,2.0,294.96,5.46,D
-2.1748,21.0121,301.53,0.5,0.59,2025-06-10,2001,NPP,VIIRS,low,2.0,266.54,7.39,N
40.3728,20.0123,312.52,0.64,0.48,2025-01-31,2026,NPP,VIIRS,nominal,2.0,270.78,157.68,N
-8.4539,-52.0507,353.46,0.46,0.37,2025-01-08,2023,N20,VIIRS,nominal,2.0,310.66,6.85,N
38.7576,-120.4282,369.94,0.49,0.73,2025-05-04,0708,NPP,VIIRS,high,2.0,326.31,7.6,D
38.5974,-119.5002,380.0,0.68,0.53,2025-07-28,1443,NPP,VIIRS,high,2.0,329.16,27.61,D
-2.9888,23.5739,300.0,0.4,0.42,2025-04-20,1231,N20,VIIRS,low,2.0,261.8,5.08,D
34.2393,-117.3234,333.41,0.72,0.58,2025-04-22,0159,N20,VIIRS,nominal,2.0,294.8,34.5,N
-4.0277,18.3447,380.0,0.79,0.71,2025-08-14,1950,NPP,VIIRS,high,2.0,330.04,4.96,N
39.0655,19.5948,380.0,0.8,0.57,2025-08-19,0146,NPP,VIIRS,high,2.0,334.19,1.29,N
-4.9316,19.638,316.75,0.72,0.45,2025-10-31,2314,NPP,VIIRS,low,2.0,289.49,2.01,N
-34.1884,146.7677,380.0,0.64,0.61,2025-02-24,0252,NPP,VIIRS,high,2.0,334.27,9.26,N
-3.9644,-57.8284,318.8,0.33,0.69,2025-03-04,1638,N21,VIIRS,low,2.0,289.95,5.08,D
-4.1479,18.916,305.08,0.56,0.47,2025-12-10,1653,N20,VIIRS,low,2.0,266.76,2.24,D
39.5221,-119.157,380.0,0.65,0.36,2025-07-20,1026,N21,VIIRS,high,2.0,333.3,4.67,D
-35.3241,151.1642,380.0,0.7,0.46,2025-12-25,0711,N20,VIIRS,high,2.0,331.31,1.83,D
38.3281,-122.5974,309.53,0.4,0.5,2025-04-25,0019,NPP,VIIRS,low,2.0,269.46,9.81,N
-14.9768,-56.1994,322.2,0.55,0.74,2025-07-31,1431,N21,VIIRS,low,2.0,285.9,19.31,D
37.873,-120.4807,380.0,0.45,0.41,2025-05-10,0825,N20,VIIRS,high,2.0,334.58,2.13,D
38.67,-119.6471,307.62,0.69,0.5,2025-09-13,1930,N21,VIIRS,low,2.0,272.38,9.69,N
-34.0491,150.7044,343.46,0.66,0.53,2025-06-29,0940,N20,VIIRS,nominal,2.0,291.96,7.44,D
37.7784,-120.6782,312.64,0.56,0.6,2025-12-20,2312,NPP,VIIRS,low,2.0,275.45,3.12,N
-5.4555,-46.1691,380.0,0.56,0.73,2025-11-24,2335,N20,VIIRS,high,2.0,330.27,1.4,N
43.2206,22.7245,341.32,0.61,0.73,2025-10-24,0235,N20,VIIRS,nominal,2.0,297.11,2.47,N
-33.6935,146.8284,326.63,0.78,0.43,2025-10-23,0603,N20,VIIRS,low,2.0,287.5,4.0,D
37.8601,-119.1227,313.33,0.35,0.57,2025-12-14,0558,N20,VIIRS,low,2.0,279.44,2.43,N
38.6404,-119.6774,315.26,0.6,0.71,2025-10-15,0931,N20,VIIRS,low,2.0,279.65,6.81,D
-3.0119,13.1489,313.45,0.49,0.68,2025-05-01,0239,N20,VIIRS,low,2.0,277.73,10.68,N
38.3858,22.4855,335.63,0.68,0.68,2025-09-13,0149,N20,VIIRS,nominal,2.0,297.22,7.43,N
0.1721,17.5646,369.36,0.34,0.52,2025-10-21,0000,N20,VIIRS,high,2.0,319.06,1.25,N
35.9318,-120.8515,310.8,0.69,0.57,2025-02-26,0311,N20,VIIRS,low,2.0,269.7,8.33,N
-5.54,16.8893,380.0,0.56,0.66,2025-12-12,0654,N20,VIIRS,high,2.0,329.48,6.11,D
-34.3147,147.9021,313.73,0.71,0.63,2025-02-01,0230,N20,VIIRS,low,2.0,277.15,3.79,N
41.0041,20.1304,360.51,0.5,0.7,2025-02-06,1747,N20,VIIRS,nominal,2.0,320.45,5.0,D
-4.3582,20.95,318.4,0.58,0.43,2025-09-26,1127,N20,VIIRS,low,2.0,281.93,28.72,D
35.5439,-123.008,380.0,0.46,0.58,2025-03-13,2137,N20,VIIRS,high,2.0,324.2,5.97,N
-36.1962,148.9243,380.0,0.5,0.51,2025-01-13,1831,NPP,VIIRS,high,2.0,334.74,17.43,D
-6.6245,-60.7148,300.0,0.66,0.55,2025-03-09,2004,NPP,VIIRS,low,2.0,255.28,3.46,N
-33.3506,148.7986,380.0,0.59,0.41,2025-07-01,1530,NPP,VIIRS,high,2.0,328.33,5.81,D
39.9023,-118.8667,380.0,0.74,0.71,2025-12-08,2125,NPP,VIIRS,high,2.0,330.11,4.32,N
-7.6046,-54.8372,300.0,0.39,0.73,2025-03-25,1621,NPP,VIIRS,low,2.0,262.15,6.69,D
-5.1877,-50.2061,304.82,0.46,0.66,2025-09-20,0728,N21,VIIRS,nominal,2.0,266.66,87.71,D
-9.0909,-55.6997,362.39,0.43,0.71,2025-09-09,0316,NPP,VIIRS,high,2.0,316.53,14.48,N
38.6402,19.7709,300.0,0.75,0.42,2025-02-16,0822,NPP,VIIRS,low,2.0,267.48,11.71,D
-2.0937,21.2314,318.38,0.75,0.6,2025-05-29,1407,NPP,VIIRS,low,2.0,279.52,15.32,D
-32.0527,146.1472,322.72,0.63,0.38,2025-03-22,0747,N20,VIIRS,low,2.0,289.13,8.0,D
39.9756,-121.6511,326.9,0.53,0.44,2025-11-10,0730,N20,VIIRS,nominal,2.0,283.86,17.91,D
-34.3078,148.0546,335.23,0.44,0.68,2025-03-12,0920,N20,VIIRS,nominal,2.0,289.18,1.44,D
-2.6288,19.66,300.0,0.47,0.78,2025-08-08,0837,N20,VIIRS,low,2.0,267.69,2.8,D
-6.5241,-53.369,346.25,0.7,0.53,2025-12-01,1857,NPP,VIIRS,nominal,2.0,301.36,18.11,D
-32.7054,146.639,380.0,0.53,0.39,2025-03-14,0249,NPP,VIIRS,high,2.0,332.05,7.74,N
-4.266,16.8299,315.59,0.78,0.73,2025-03-15,0748,N20,VIIRS,low,2.0,273.43,10.62,D
-34.5337,148.1361,354.17,0.54,0.44,2025-03-19,0952,NPP,VIIRS,nominal,2.0,313.43,2.52,D
39.2224,21.8917,317.24,0.43,0.69,2025-04-18,1620,N20,VIIRS,low,2.0,277.08,19.65,D
-9.2301,-57.5649,300.77,0.66,0.55,2025-11-16,2027,N20,VIIRS,low,2.0,265.68,3.92,N
40.9084,18.9811,302.04,0.4,0.4,2025-12-08,1347,N20,VIIRS,low,2.0,269.39,8.61,D
40.0045,-120.7172,308.73,0.45,0.4,2025-05-12,0829,NPP,VIIRS,low,2.0,273.14,2.7,D
-34.8978,151.4947,307.47,0.8,0.79,2025-05-17,1109,N20,VIIRS,low,2.0,271.88,19.91,D
-5.3153,-54.9583,340.2,0.67,0.65,2025-10-15,1615,N20,VIIRS,nominal,2.0,295.37,13.46,D
38.3157,-119.5019,352.15,0.33,0.51,2025-12-08,1525,N20,VIIRS,nominal,2.0,314.22,3.49,D
38.1153,-120.3395,300.0,0.56,0.44,2025-05-20,0653,N20,VIIRS,low,2.0,258.82,7.8,D
-3.5078,18.0745,380.0,0.4,0.7,2025-12-06,2153,NPP,VIIRS,high,2.0,335.78,7.66,N
-7.951,21.8026,370.95,0.79,0.38,2025-02-16,1228,N20,VIIRS,high,2.0,324.6,8.64,D
-10.2911,-53.3417,336.86,0.78,0.44,2025-08-24,0850,N20,VIIRS,nominal,2.0,297.0,16.45,D
-5.7127,18.5321,314.71,0.74,0.61,2025-02-08,1616,N20,VIIRS,low,2.0,282.59,6.16,D
-1.369,20.5052,342.77,0.38,0.41,2025-10-10,1807,N20,VIIRS,nominal,2.0,300.37,6.53,D
37.1865,22.8398,342.55,0.6,0.57,2025-09-24,0801,N20,VIIRS,nominal,2.0,303.43,14.21,D
36.3863,-123.1402,340.3,0.41,0.47,2025-01-21,0632,N20,VIIRS,nominal,2.0,297.17,65.71,D
-7.9291,16.4453,328.23,0.59,0.55,2025-05-20,1819,N20,VIIRS,nominal,2.0,289.17,10.17,D
-30.957,149.8378,309.5,0.5,0.4,2025-04-29,0917,N21,VIIRS,low,2.0,270.75,15.1,D
36.3104,-120.4111,320.52,0.55,0.71,2025-12-16,2207,N20,VIIRS,low,2.0,286.32,0.89,N
-33.1868,146.9413,380.0,0.54,0.68,2025-05-27,0122,NPP,VIIRS,high,2.0,332.87,25.38,N
-7.371,-61.2386,317.28,0.54,0.59,2025-03-02,2305,N20,VIIRS,low,2.0,280.23,4.22,N
39.2327,20.3111,366.03,0.33,0.44,2025-06-02,2345,NPP,VIIRS,high,2.0,321.5,3.28,N
39.52,-119.6112,325.19,0.43,0.69,2025-10-27,0204,NPP,VIIRS,low,2.0,278.49,2.46,N
-4.4542,19.6598,322.45,0.78,0.67,2025-05-22,2333,N21,VIIRS,low,2.0,285.15,,N
-34.2098,148.9956,380.0,0.54,0.75,2025-06-07,0559,NPP,VIIRS,high,2.0,330.66,15.07,N
38.909,-121.6794,319.88,0.71,0.59,2025-07-10,1236,N20,VIIRS,low,2.0,284.86,1.69,D
-32.2232,147.8104,380.0,0.48,0.36,2025-10-07,0130,NPP,VIIRS,high,2.0,333.81,2.65,N
38.7017,-122.192,300.0,0.59,0.44,2025-01-05,0627,N20,VIIRS,low,2.0,263.76,9.02,D
-5.1613,18.5327,353.84,0.75,0.64,2025-03-19,2242,NPP,VIIRS,nominal,2.0,314.75,2.15,N
-32.5534,145.6032,302.55,0.79,0.78,2025-11-24,0948,NPP,VIIRS,low,2.0,277.36,4.58,D
-9.21,-55.2609,336.96,0.48,0.64,2025-02-09,0031,NPP,VIIRS,nominal,2.0,297.8,28.46,N
-6.8211,-56.1457,363.87,0.39,0.51,2025-05-05,1126,N20,VIIRS,high,2.0,318.6,17.59,D
-35.0548,147.2535,319.99,0.37,0.49,2025-03-24,0252,N20,VIIRS,low,2.0,290.91,1.43,N
38.6408,-119.7903,326.79,0.45,0.53,2025-04-21,2001,N20,VIIRS,nominal,2.0,289.12,38.48,N
36.902,-122.2923,342.2,0.4,0.72,2025-02-09,0447,N21,VIIRS,nominal,2.0,295.93,10.37,N
-9.6614,-61.3006,328.04,0.72,0.48,2025-01-09,1107,NPP,VIIRS,nominal,2.0,293.23,5.32,D
-9.4496,-55.7346,308.39,0.58,0.37,2025-05-16,0920,NPP,VIIRS,low,2.0,279.17,2.71,D
-30.5989,148.2807,362.41,0.61,0.52,2025-01-03,0557,NPP,VIIRS,nominal,2.0,315.57,2.54,N
-7.9395,-59.938,304.57,0.69,0.71,2025-06-27,0927,NPP,VIIRS,low,2.0,273.05,2.81,D
38.3899,-121.7443,301.94,0.78,0.47,2025-04-04,1925,N20,VIIRS,low,2.0,270.21,4.39,N
-4.2454,20.2241,311.46,0.37,0.49,2025-05-14,0258,NPP,VIIRS,low,2.0,273.72,3.42,N
-31.4413,147.922,330.78,0.78,0.77,2025-08-28,0250,NPP,VIIRS,nominal,2.0,286.59,2.52,N
-11.249,-52.6497,380.0,0.33,0.74,2025-06-03,0539,N20,VIIRS,high,2.0,321.63,7.7,N
-0.8525,21.0961,342.33,0.65,0.71,2025-05-12,2241,NPP,VIIRS,nominal,2.0,299.11,12.26,N
-2.8937,18.6843,324.14,0.73,0.59,2025-11-28,1522,NPP,VIIRS,low,2.0,289.49,4.5,D
-34.1938,144.6511,380.0,0.49,0.37,2025-01-23,2255,N20,VIIRS,high,2.0,333.18,5.28,N
40.2152,21.2998,380.0,0.43,0.59,2025-05-29,1414,N20,VIIRS,high,2.0,336.63,3.52,D
-36.4212,147.2138,310.58,0.5,0.61,2025-03-06,0049,NPP,VIIRS,low,2.0,272.64,1.64,N
39.3035,20.4112,308.48,0.56,0.47,2025-08-28,1103,NPP,VIIRS,low,2.0,271.4,2.25,D
-7.6616,-49.9164,308.67,0.35,0.63,2025-11-25,1138,N20,VIIRS,low,2.0,264.59,44.06,D
-35.507,147.5701,300.0,0.41,0.57,2025-10-01,1350,N21,VIIRS,low,2.0,265.24,3.42,D
-6.7862,-55.2774,380.0,0.77,0.42,2025-08-21,2010,NPP,VIIRS,high,2.0,330.13,6.19,N
38.4923,-121.7528,300.0,0.73,0.75,2025-08-25,1408,N20,VIIRS,low,2.0,266.29,1.68,D
-29.7129,148.7823,305.88,0.78,0.7,2025-03-22,0626,NPP,VIIRS,low,2.0,275.87,4.82,D
34.8348,-119.9249,333.33,0.75,0.71,2025-12-24,2006,N20,VIIRS,nominal,2.0,296.92,5.38,N
-29.3913,147.6182,313.26,0.37,0.7,2025-11-11,0622,N20,VIIRS,low,2.0,279.83,4.33,D
-10.1991,-50.6626,380.0,0.4,0.74,2025-10-31,1951,N20,VIIRS,high,2.0,331.91,13.91,N
-6.4524,25.272,319.82,0.65,0.39,2025-02-19,0726,N20,VIIRS,low,2.0,281.65,3.21,D
-5.3713,21.9687,315.31,0.45,0.55,2025-02-28,0000,NPP,VIIRS,low,2.0,281.84,1.8,N
-35.6649,150.3423,376.33,0.63,0.78,2025-07-20,1619,N21,VIIRS,high,2.0,337.38,1.22,D
-10.57,-48.8835,315.64,0.57,0.72,2025-05-01,2016,NPP,VIIRS,low,2.0,278.15,6.83,N
38.6189,-118.2544,341.75,0.79,0.54,2025-09-08,2134,NPP,VIIRS,nominal,2.0,295.33,3.3,N
-6.1031,-53.9118,326.54,0.78,0.51,2025-03-03,1342,NPP,VIIRS,nominal,2.0,290.39,44.53,D
-11.2301,-57.6216,325.27,0.57,0.4,2025-09-07,1729,NPP,VIIRS,nominal,2.0,281.82,42.27,D
-33.8244,149.8269,301.72,0.43,0.55,2025-02-04,1812,NPP,VIIRS,low,2.0,270.22,3.15,D
40.6202,21.6204,335.5,0.79,0.49,2025-08-02,2150,NPP,VIIRS,nominal,2.0,296.3,55.61,N
-6.7994,-56.7075,380.0,0.46,0.6,2025-11-15,0347,N20,VIIRS,high,2.0,335.28,10.87,N
-6.8305,-51.5698,315.45,0.49,0.7,2025-02-21,0325,N20,VIIRS,low,2.0,277.52,19.99,N
38.0728,-119.1067,326.63,0.47,0.78,2025-06-25,2120,N20,VIIRS,low,2.0,284.26,3.6,N
38.9497,-124.7046,305.39,0.4,0.72,2025-01-05,1200,NPP,VIIRS,low,2.0,265.44,4.78,D
-31.9638,146.9416,317.97,0.74,0.58,2025-10-24,1635,N20,VIIRS,low,2.0,280.95,29.76,D
-33.4854,144.22,371.9,0.65,0.38,2025-09-19,1709,N20,VIIRS,high,2.0,315.81,2.32,D
-8.8139,-53.8158,300.0,0.57,0.78,2025-11-01,1816,N20,VIIRS,low,2.0,263.0,4.47,D
-5.3507,-53.4795,306.29,0.39,0.43,2025-08-23,0007,N20,VIIRS,low,2.0,266.73,1.65,N
-3.7943,20.3584,329.55,0.71,0.55,2025-02-08,0344,N20,VIIRS,nominal,2.0,291.51,4.99,N
0.2916,16.2922,314.14,0.48,0.66,2025-09-15,0021,NPP,VIIRS,low,2.0,277.17,21.19,N
-4.1834,17.8694,380.0,0.53,0.54,2025-09-19,1411,NPP,VIIRS,high,2.0,327.42,4.68,D
-6.3236,19.3205,380.0,0.42,0.5,2025-12-08,0330,NPP,VIIRS,high,2.0,336.44,14.02,N
-3.2191,19.7523,321.28,0.65,0.75,2025-08-27,1448,N21,VIIRS,low,2.0,279.61,7.26,D
-4.2843,20.8128,320.8,0.6,0.76,2025-12-06,0256,NPP,VIIRS,low,2.0,286.7,4.99,N
-6.3863,-54.4667,315.44,0.35,0.42,2025-03-13,0702,NPP,VIIRS,low,2.0,277.28,5.06,D
40.4379,22.0905,355.47,0.48,0.44,2025-01-27,0308,NPP,VIIRS,nominal,2.0,313.28,16.79,N
35.5315,-121.0124,313.11,0.64,0.58,2025-11-23,1030,N21,VIIRS,low,2.0,280.32,3.81,D
-30.4318,143.1472,324.98,0.69,0.72,2025-05-01,2117,N20,VIIRS,low,2.0,283.83,3.03,N
40.9306,18.3348,322.32,0.43,0.74,2025-09-09,1908,NPP,VIIRS,nominal,2.0,288.81,82.46,N
-3.384,16.8732,377.91,0.57,0.59,2025-09-30,1613,N20,VIIRS,high,2.0,325.57,17.84,D
-0.7704,19.2271,313.96,0.73,0.48,2025-09-26,0520,N20,VIIRS,low,2.0,271.37,17.88,N
40.0072,20.0696,332.67,0.41,0.73,2025-05-16,1614,N20,VIIRS,nominal,2.0,283.61,2.35,D
-9.6204,-55.4625,380.0,0.8,0.66,2025-09-22,2251,N20,VIIRS,high,2.0,335.51,4.84,N
-2.1725,16.2902,300.0,0.78,0.37,2025-01-08,0431,N21,VIIRS,low,2.0,268.92,7.1,N
39.7622,23.2131,380.0,0.44,0.4,2025-11-15,0734,N20,VIIRS,high,2.0,338.39,7.29,D
39.0951,-120.6739,316.84,0.75,0.71,2025-08-01,1217,NPP,VIIRS,low,2.0,279.93,3.16,D
38.8502,25.1819,314.92,0.59,0.59,2025-04-22,2004,N21,VIIRS,low,2.0,275.6,8.75,N
-6.4346,20.3827,380.0,0.58,0.71,2025-09-23,0507,N20,VIIRS,high,2.0,338.89,13.2,N
-6.1748,-60.5774,380.0,0.37,0.53,2025-02-10,2207,N20,VIIRS,high,2.0,327.61,18.9,N
38.0327,-122.3451,332.31,0.56,0.51,2025-08-02,2310,N20,VIIRS,nominal,2.0,289.82,2.04,N
37.4519,-119.7273,301.12,0.74,0.42,2025-01-24,1414,N20,VIIRS,low,2.0,261.92,8.89,D
36.246,-120.1086,380.0,0.62,0.54,2025-11-17,0712,N20,VIIRS,high,2.0,331.01,9.82,D
-8.8827,-52.7519,367.23,0.56,0.65,2025-07-05,1140,NPP,VIIRS,high,2.0,318.56,16.73,D
-4.1344,18.2822,320.2,0.7,0.66,2025-07-25,1611,NPP,VIIRS,low,2.0,280.85,26.93,D
40.3959,-117.0277,330.52,0.36,0.57,2025-12-02,2358,NPP,VIIRS,nominal,2.0,288.31,6.8,N
-3.4418,20.6998,310.91,0.57,0.51,2025-02-25,1120,N21,VIIRS,low,2.0,268.41,30.08,D
-3.3046,18.8307,343.53,0.35,0.79,2025-06-22,1658,N21,VIIRS,nominal,2.0,296.71,27.08,D
-5.5435,18.8049,323.47,0.76,0.41,2025-08-29,2001,NPP,VIIRS,low,2.0,287.06,8.46,N
-3.9987,-50.1256,380.0,0.5,0.73,2025-09-05,1202,N20,VIIRS,high,2.0,333.71,2.56,D
-7.9229,-60.5225,311.55,0.6,0.5,2025-10-16,1643,N20,VIIRS,low,2.0,271.31,0.71,D
-6.3117,-48.1042,339.82,0.74,0.46,2025-09-30,1719,N20,VIIRS,nominal,2.0,295.5,47.71,D
-9.6965,-52.2622,300.0,0.44,0.59,2025-06-04,2348,NPP,VIIRS,low,2.0,265.42,3.35,N
37.2283,-118.2416,329.67,0.54,0.38,2025-08-31,1442,N20,VIIRS,nominal,2.0,288.54,5.14,D
-5.3002,-60.5769,300.0,0.38,0.44,2025-03-19,2216,NPP,VIIRS,low,2.0,271.72,61.02,N
38.7397,19.9091,341.06,0.79,0.44,2025-09-01,2044,N20,VIIRS,nominal,2.0,300.11,21.93,N
-4.8734,19.8413,322.7,0.38,0.52,2025-05-14,1617,N20,VIIRS,low,2.0,280.73,1.26,D
39.2174,21.874,300.0,0.61,0.5,2025-09-05,0031,N20,VIIRS,low,2.0,266.28,9.08,N
-6.9272,-57.0435,300.0,0.64,0.74,2025-10-24,0841,NPP,VIIRS,low,2.0,260.77,3.4,D
-8.8314,-60.157,305.51,0.67,0.73,2025-02-13,1459,N20,VIIRS,low,2.0,271.63,0.78,D
38.7872,-120.8417,380.0,0.41,0.72,2025-12-29,0733,N20,VIIRS,high,2.0,331.53,5.63,D
-36.6838,149.7841,339.06,0.59,0.75,2025-09-16,0732,N20,VIIRS,nominal,2.0,303.9,5.31,D
-6.7097,-53.6298,371.44,0.36,0.39,2025-03-16,0750,NPP,VIIRS,high,2.0,330.99,6.78,D
-10.768,-60.3995,331.87,0.7,0.43,2025-09-20,2240,N20,VIIRS,nominal,2.0,295.9,11.34,N
36.3965,-121.2039,306.01,0.62,0.37,2025-04-30,1050,NPP,VIIRS,low,2.0,269.79,11.5,D
-6.9013,-49.6416,341.75,0.37,0.5,2025-07-20,1429,NPP,VIIRS,nominal,2.0,298.26,20.72,D
-34.7907,147.1838,325.62,0.4,0.71,2025-02-03,1432,N21,VIIRS,low,2.0,288.1,4.44,D
-0.6427,15.4121,327.02,0.78,0.49,2025-05-14,1722,N20,VIIRS,nominal,2.0,289.31,22.14,D
-4.0386,-57.0135,380.0,0.47,0.68,2025-03-26,0718,N20,VIIRS,high,2.0,324.1,21.57,D
-7.9464,-49.5806,345.03,0.53,0.46,2025-12-14,0757,NPP,VIIRS,nominal,2.0,298.63,2.57,D
-11.6005,-57.4923,305.94,0.74,0.58,2025-01-27,2202,NPP,VIIRS,low,2.0,271.23,10.27,N
-1.7622,23.0586,315.03,0.35,0.46,2025-01-15,0826,NPP,VIIRS,nominal,2.0,276.46,56.62,D
39.7692,25.5921,336.99,0.72,0.64,2025-10-08,2219,N21,VIIRS,nominal,2.0,291.56,3.91,N
-7.1565,-51.5755,380.0,0.37,0.62,2025-01-13,1408,NPP,VIIRS,high,2.0,332.06,35.94,D
38.2423,-120.4683,307.29,0.58,0.71,2025-08-11,1615,N20,VIIRS,low,2.0,273.93,7.9,D
40.7759,-121.3708,330.61,0.42,0.71,2025-02-02,0929,NPP,VIIRS,nominal,2.0,290.2,4.79,D
-32.8408,149.1081,310.61,0.66,0.56,2025-06-08,0538,N20,VIIRS,low,2.0,274.24,39.54,N
39.0965,-117.7568,325.5,0.64,0.77,2025-01-12,2340,N20,VIIRS,nominal,2.0,285.37,12.08,N
-35.8774,147.5495,314.19,0.61,0.57,2025-07-03,0538,NPP,VIIRS,low,2.0,271.83,1.85,N
-4.331,-55.2593,321.81,0.55,0.58,2025-10-09,1507,N20,VIIRS,low,2.0,288.44,8.33,D
39.4827,22.4213,335.78,0.74,0.43,2025-06-20,1422,N20,VIIRS,nominal,2.0,301.44,7.28,D
-31.7189,148.2462,304.65,0.76,0.52,2025-08-02,0056,NPP,VIIRS,low,2.0,271.56,20.06,N
36.2039,-121.468,380.0,0.78,0.63,2025-11-28,0955,NPP,VIIRS,high,2.0,328.06,3.41,D
-1.9181,16.9634,319.75,0.4,0.44,2025-09-25,0407,NPP,VIIRS,low,2.0,282.79,0.93,N
36.3272,-120.042,324.46,0.36,0.76,2025-07-09,1311,NPP,VIIRS,low,2.0,288.45,4.55,D
39.1473,23.143,304.79,0.41,0.69,2025-12-22,1619,N20,VIIRS,low,2.0,274.38,7.05,D
-29.6153,148.2887,314.77,0.36,0.63,2025-09-24,0707,NPP,VIIRS,low,2.0,272.01,8.16,D
-3.5154,-54.8886,304.32,0.61,0.6,2025-05-19,0648,N20,VIIRS,low,2.0,270.39,3.5,D
34.8018,-119.9456,331.72,0.41,0.64,2025-03-24,1210,N20,VIIRS,nominal,2.0,297.75,17.2,D
-32.0795,148.3897,314.34,0.42,0.74,2025-02-24,2216,NPP,VIIRS,low,2.0,281.32,25.6,N
-4.091,18.9818,310.99,0.73,0.63,2025-12-21,0454,N21,VIIRS,low,2.0,276.86,3.95,N
-11.3365,-54.4952,380.0,0.6,0.37,2025-03-06,0049,N21,VIIRS,high,2.0,321.95,0.94,N
-11.4653,-62.3478,319.59,0.37,0.75,2025-10-16,1425,NPP,VIIRS,low,2.0,280.58,5.6,D
-7.97,-45.8211,307.91,0.39,0.63,2025-02-05,1421,NPP,VIIRS,low,2.0,274.72,2.87,D
37.6195,-119.2537,302.71,0.63,0.79,2025-10-06,0559,N20,VIIRS,low,2.0,259.4,39.7,N
-30.8399,149.8856,380.0,0.75,0.76,2025-04-26,0908,N20,VIIRS,high,2.0,327.95,2.08,D
-4.1362,20.8735,305.02,0.38,0.69,2025-03-17,0724,N21,VIIRS,low,2.0,278.31,2.44,D
-4.2293,20.6342,308.42,0.35,0.54,2025-04-16,2247,NPP,VIIRS,low,2.0,267.96,8.22,N
-34.217,145.9843,309.42,0.63,0.74,2025-04-12,1017,N20,VIIRS,low,2.0,277.85,1.74,D
-13.0514,-48.465,301.28,0.52,0.37,2025-06-07,1757,N20,VIIRS,low,2.0,265.44,17.63,D
-9.8776,-52.2699,310.11,0.72,0.47,2025-10-20,0022,NPP,VIIRS,low,2.0,277.0,9.44,N
36.5659,-119.6491,331.44,0.64,0.39,2025-07-15,1241,NPP,VIIRS,nominal,2.0,292.35,7.07,D
36.982,-120.9041,380.0,0.66,0.46,2025-11-14,0017,N20,VIIRS,high,2.0,331.5,4.4,N
-9.8387,-58.6098,303.77,0.66,0.46,2025-01-28,1634,NPP,VIIRS,low,2.0,266.7,1.19,D
-5.1341,-58.1397,302.53,0.64,0.58,2025-01-28,1349,NPP,VIIRS,low,2.0,272.5,11.79,D
-10.9814,-58.6019,332.2,0.61,0.56,2025-04-18,0054,NPP,VIIRS,nominal,2.0,292.57,19.92,N
-34.4787,150.3838,380.0,0.59,0.7,2025-12-23,1241,NPP,VIIRS,high,2.0,324.86,1.1,D
39.4118,20.486,347.95,0.47,0.76,2025-06-10,0040,NPP,VIIRS,nominal,2.0,297.21,4.31,N
-26.5138,152.6158,339.09,0.68,0.72,2025-05-30,1501,NPP,VIIRS,nominal,2.0,299.89,9.57,D
-7.2914,-55.7623,317.4,0.4,0.72,2025-03-06,0050,NPP,VIIRS,low,2.0,277.63,10.44,N
37.7682,-119.9311,321.12,0.53,0.66,2025-06-26,0108,N21,VIIRS,low,2.0,279.52,16.85,N
-5.0252,21.6397,349.07,0.62,0.67,2025-01-10,1244,N20,VIIRS,nominal,2.0,306.04,2.14,D
40.0506,-119.1077,330.17,0.49,0.6,2025-02-19,0904,N20,VIIRS,nominal,2.0,295.39,23.35,D
-5.1154,-54.9719,303.4,0.8,0.73,2025-04-01,0716,N20,VIIRS,low,2.0,261.73,4.74,D
-6.36,-55.6698,346.96,0.49,0.67,2025-12-16,1516,N20,VIIRS,nominal,2.0,313.97,3.34,D
-33.468,148.9327,300.0,0.49,0.71,2025-05-14,2222,N20,VIIRS,low,2.0,270.66,7.51,N
38.8496,-119.7618,300.0,0.65,0.8,2025-05-20,1906,N20,VIIRS,low,2.0,268.72,9.26,N
-9.3484,-53.466,313.23,0.44,0.47,2025-06-03,1708,N20,VIIRS,low,2.0,272.78,38.02,D
36.3968,26.8542,302.36,0.64,0.59,2025-02-05,0322,NPP,VIIRS,low,2.0,266.32,17.72,N
38.0661,-119.2912,325.53,0.7,0.7,2025-08-20,0436,N20,VIIRS,low,2.0,292.94,2.73,N
36.3494,20.7413,376.54,0.67,0.57,2025-04-21,2203,N20,VIIRS,high,2.0,324.88,8.45,N
37.1367,-118.5681,367.34,0.66,0.7,2025-04-07,2323,NPP,VIIRS,high,2.0,323.49,11.8,N
-29.8411,146.7765,302.65,0.58,0.77,2025-02-17,1952,N21,VIIRS,low,2.0,271.1,15.23,N
-5.8439,-51.4007,370.55,0.58,0.43,2025-10-18,1708,NPP,VIIRS,high,2.0,311.57,2.85,D
38.1737,21.5285,322.66,0.55,0.59,2025-09-15,1717,NPP,VIIRS,low,2.0,283.16,4.35,D
-33.2643,146.9525,318.81,0.49,0.77,2025-08-09,1503,N20,VIIRS,low,2.0,275.78,2.38,D
-32.7413,143.2385,314.49,0.66,0.59,2025-04-01,0724,N20,VIIRS,low,2.0,278.35,4.24,D
-34.0355,148.4356,308.03,0.75,0.78,2025-12-27,1046,N20,VIIRS,low,2.0,270.89,14.36,D
-3.9024,-57.4666,307.92,0.65,0.39,2025-07-02,0419,N21,VIIRS,low,2.0,275.56,13.24,N
37.5435,23.6684,366.94,0.67,0.79,2025-01-21,1918,N20,VIIRS,high,2.0,325.7,11.08,N
-10.0126,-57.8374,350.69,0.6,0.76,2025-06-22,0850,N20,VIIRS,nominal,2.0,302.13,7.36,D
-33.0437,149.4145,321.85,0.76,0.37,2025-12-11,0308,N21,VIIRS,low,2.0,276.07,2.21,N
40.8336,15.19,331.02,0.56,0.73,2025-04-27,2328,NPP,VIIRS,nominal,2.0,291.72,1.42,N
38.0789,-118.8441,335.8,0.77,0.57,2025-11-01,1826,N21,VIIRS,nominal,2.0,295.29,29.5,D
35.3792,-122.8582,300.96,0.4,0.68,2025-04-30,1320,NPP,VIIRS,low,2.0,261.56,11.93,D
-8.0647,16.8283,380.0,0.68,0.58,2025-01-08,0647,N20,VIIRS,high,2.0,332.01,4.21,D
-5.839,-53.5561,326.41,0.5,0.74,2025-05-12,1955,N20,VIIRS,nominal,2.0,287.79,11.28,N
37.4956,-119.5711,319.75,0.46,0.51,2025-09-11,2138,N21,VIIRS,low,2.0,273.83,2.75,N
-35.1113,147.2926,380.0,0.46,0.44,2025-04-07,0209,N20,VIIRS,high,2.0,330.4,5.44,N
37.3806,-120.0727,369.97,0.43,0.71,2025-08-07,1459,N21,VIIRS,high,2.0,322.25,1.07,D
-0.3848,21.2148,337.07,0.7,0.56,2025-05-01,1944,NPP,VIIRS,nominal,2.0,296.29,5.06,N
40.1614,-121.0459,304.09,0.57,0.51,2025-08-31,1552,N20,VIIRS,low,2.0,267.89,9.48,D
-36.9639,145.0016,341.87,0.33,0.39,2025-05-25,0529,N20,VIIRS,nominal,2.0,300.35,32.98,N
37.8876,-124.0356,308.82,0.36,0.45,2025-06-22,1147,N20,VIIRS,low,2.0,271.48,1.4,D
-5.3895,-52.7868,301.14,0.64,0.42,2025-12-08,0519,NPP,VIIRS,low,2.0,267.62,5.34,N
35.3302,-118.306,376.13,0.5,0.37,2025-01-04,0051,NPP,VIIRS,high,2.0,328.98,1.52,N
-5.6566,-58.6229,369.71,0.48,0.73,2025-02-07,0432,NPP,VIIRS,high,2.0,328.48,8.24,N
35.1541,25.3419,311.67,0.49,0.37,2025-08-17,1300,NPP,VIIRS,low,2.0,271.71,1.46,D
-7.279,19.0581,342.87,0.69,0.64,2025-01-03,0646,NPP,VIIRS,nominal,2.0,303.17,3.55,D
-30.1044,149.8773,346.39,0.66,0.65,2025-12-10,0922,NPP,VIIRS,nominal,2.0,306.16,8.39,D
36.9023,-120.9875,300.04,0.7,0.53,2025-12-11,2200,NPP,VIIRS,low,2.0,269.25,1.6,N
-35.5048,148.7273,380.0,0.46,0.51,2025-02-03,1118,NPP,VIIRS,high,2.0,331.86,9.39,D
-10.9667,-50.9861,380.0,0.46,0.76,2025-09-09,1358,NPP,VIIRS,high,2.0,333.13,4.12,D
41.6775,23.0602,380.0,0.65,0.4,2025-08-15,0249,N20,VIIRS,high,2.0,330.51,0.65,N
36.4114,-122.3123,375.66,0.47,0.66,2025-04-24,0532,N20,VIIRS,high,2.0,329.67,52.72,N
-3.8109,24.3346,342.1,0.75,0.61,2025-08-08,0910,N21,VIIRS,nominal,2.0,307.3,2.64,D
-34.7234,148.0601,354.86,0.79,0.51,2025-05-29,0923,N21,VIIRS,nominal,2.0,310.08,3.75,D
36.4436,-119.3494,313.26,0.72,0.45,2025-04-26,0332,NPP,VIIRS,low,2.0,272.29,24.44,N
40.4246,23.3805,356.95,0.74,0.45,2025-05-17,0908,N21,VIIRS,nominal,2.0,307.87,3.16,D
-34.6721,150.849,380.0,0.74,0.52,2025-06-21,0219,NPP,VIIRS,high,2.0,332.66,7.98,N
-31.0494,149.0313,307.95,0.77,0.61,2025-07-30,0930,NPP,VIIRS,nominal,2.0,271.93,117.59,D
-3.9365,20.1816,307.71,0.71,0.53,2025-04-09,1145,NPP,VIIRS,low,2.0,270.38,12.21,D
-35.2296,150.3938,314.61,0.56,0.49,2025-10-02,0254,NPP,VIIRS,low,2.0,277.09,0.88,N
-4.7386,20.3441,344.22,0.48,0.59,2025-12-15,0426,NPP,VIIRS,nominal,2.0,297.86,21.16,N
39.7433,-116.2153,317.9,0.58,0.48,2025-10-29,0853,N20,VIIRS,low,2.0,282.23,15.89,D
-5.5487,-48.317,317.49,0.67,0.74,2025-07-13,0423,N21,VIIRS,low,2.0,276.84,3.27,N
39.8184,26.6444,380.0,0.47,0.53,2025-01-08,0945,NPP,VIIRS,high,2.0,331.53,31.38,D
39.4326,-121.0105,303.69,0.35,0.63,2025-02-24,0949,NPP,VIIRS,low,2.0,277.58,3.06,D
-4.4381,-53.862,311.67,0.68,0.73,2025-09-29,1228,N20,VIIRS,low,2.0,274.92,1.12,D
37.1427,-122.7318,338.85,0.37,0.69,2025-03-18,1803,NPP,VIIRS,nominal,2.0,301.82,,D
-8.5663,-52.6186,313.45,0.35,0.73,2025-11-08,1441,N20,VIIRS,low,2.0,277.3,1.97,D
37.974,-118.1491,347.19,0.8,0.44,2025-04-30,0406,NPP,VIIRS,nominal,2.0,299.0,4.11,N
-34.6128,148.1514,312.1,0.67,0.46,2025-07-04,2200,NPP,VIIRS,low,2.0,275.08,4.2,N
-9.8509,-60.6767,336.76,0.71,0.66,2025-11-06,1205,N20,VIIRS,nominal,2.0,298.78,13.36,D
38.2681,-118.1404,380.0,0.73,0.73,2025-03-10,1950,N20,VIIRS,high,2.0,334.43,7.7,N
42.1152,-123.5991,301.82,0.53,0.64,2025-06-23,2043,NPP,VIIRS,low,2.0,260.36,2.28,N
37.2585,28.1452,319.28,0.46,0.65,2025-03-25,0719,NPP,VIIRS,low,2.0,281.85,1.99,D
-35.2425,149.8588,312.26,0.45,0.72,2025-09-20,1315,NPP,VIIRS,low,2.0,275.25,11.72,D
-29.7624,148.8317,328.09,0.47,0.47,2025-02-26,1053,NPP,VIIRS,nominal,2.0,283.82,29.51,D
-29.0803,148.9012,306.05,0.34,0.59,2025-08-19,0954,NPP,VIIRS,low,2.0,273.44,15.79,D
39.6471,-118.6043,338.63,0.65,0.62,2025-10-31,0930,NPP,VIIRS,nominal,2.0,291.18,3.59,D
38.0814,23.2874,303.0,0.67,0.41,2025-12-06,1347,NPP,VIIRS,low,2.0,267.87,13.68,D
40.5956,24.8365,306.06,0.41,0.45,2025-12-25,2100,N20,VIIRS,low,2.0,268.82,2.17,N
-8.4147,-52.5299,375.25,0.71,0.38,2025-02-13,0526,N21,VIIRS,high,2.0,329.04,2.1,N
-2.8888,20.215,300.0,0.65,0.38,2025-01-25,0151,NPP,VIIRS,low,2.0,273.39,2.35,N
-31.1603,150.0378,327.27,0.53,0.75,2025-07-12,1550,N21,VIIRS,nominal,2.0,282.05,19.03,D
38.7331,-121.5676,311.42,0.65,0.4,2025-04-25,2020,N20,VIIRS,low,2.0,281.9,29.42,N
-7.2612,-48.3817,380.0,0.39,0.48,2025-05-25,1038,NPP,VIIRS,high,2.0,334.09,16.1,D
38.5923,-119.0651,309.69,0.34,0.75,2025-12-27,0143,N20,VIIRS,low,2.0,275.2,6.83,N
40.1989,20.5661,315.12,0.77,0.52,2025-07-20,1321,N20,VIIRS,low,2.0,276.47,7.52,D
35.127,-120.5281,300.0,0.73,0.73,2025-05-24,0941,N20,VIIRS,low,2.0,263.41,22.78,D
36.2316,25.2013,380.0,0.74,0.53,2025-06-21,1754,NPP,VIIRS,high,2.0,334.03,13.79,D
-7.1261,17.1693,307.94,0.39,0.36,2025-02-14,1408,N20,VIIRS,low,2.0,274.8,12.44,D
-30.9783,155.0581,363.44,0.47,0.37,2025-10-21,0647,N20,VIIRS,nominal,2.0,315.91,1.86,D
-0.9544,-58.4346,329.95,0.37,0.56,2025-09-13,2244,NPP,VIIRS,nominal,2.0,288.39,8.6,N
37.287,-116.7139,301.41,0.45,0.72,2025-02-05,1344,N20,VIIRS,low,2.0,264.04,52.05,D
36.9956,-120.4609,304.0,0.64,0.78,2025-04-11,0153,N20,VIIRS,low,2.0,265.76,12.44,N
-35.1843,149.6695,380.0,0.67,0.69,2025-12-03,0742,NPP,VIIRS,high,2.0,327.16,12.49,D
-9.1068,-52.579,319.33,0.58,0.36,2025-09-19,1421,NPP,VIIRS,low,2.0,276.85,2.58,D
37.0293,-119.6619,324.49,0.35,0.54,2025-02-15,2146,N21,VIIRS,low,2.0,286.47,1.27,N
40.8988,25.4472,327.34,0.65,0.68,2025-06-23,1224,N20,VIIRS,nominal,2.0,288.92,4.93,D
39.39,-121.8981,345.26,0.51,0.61,2025-03-22,0822,NPP,VIIRS,nominal,2.0,306.93,,D
-4.007,-54.0232,301.62,0.52,0.4,2025-06-07,0243,NPP,VIIRS,low,2.0,268.62,1.92,N
-28.6699,150.3811,372.19,0.36,0.6,2025-05-08,1312,N20,VIIRS,high,2.0,325.08,7.16,D
-35.7757,149.5277,339.08,0.74,0.5,2025-08-05,0812,N20,VIIRS,nominal,2.0,293.53,1.18,D
-13.2665,-49.8817,320.09,0.78,0.69,2025-12-02,0847,NPP,VIIRS,low,2.0,282.84,0.64,D
41.1207,18.6236,319.96,0.5,0.53,2025-02-16,1000,NPP,VIIRS,low,2.0,274.21,6.05,D
37.801,21.4683,333.29,0.53,0.71,2025-09-29,1047,N20,VIIRS,nominal,2.0,296.3,5.76,D
39.0751,-119.3853,362.84,0.65,0.72,2025-11-26,1908,NPP,VIIRS,high,2.0,311.25,16.66,N
-35.1905,141.6466,327.37,0.32,0.75,2025-08-28,0343,NPP,VIIRS,nominal,2.0,292.67,7.89,N
35.8475,-120.4499,379.79,0.46,0.65,2025-02-12,1832,N21,VIIRS,high,2.0,326.46,8.45,D
-32.3463,145.2214,329.52,0.73,0.53,2025-11-30,1020,N20,VIIRS,nominal,2.0,289.4,1.81,D
39.3124,-118.6923,313.12,0.42,0.64,2025-09-07,1130,NPP,VIIRS,low,2.0,281.52,15.61,D
-33.1158,146.5298,380.0,0.46,0.7,2025-07-05,0725,NPP,VIIRS,high,2.0,331.66,0.79,D
-9.4524,-52.0867,334.78,0.45,0.56,2025-01-22,0026,NPP,VIIRS,nominal,2.0,294.09,21.18,N
-6.4345,-60.2203,324.52,0.75,0.64,2025-01-30,1422,NPP,VIIRS,low,2.0,284.8,1.21,D
-1.1069,18.8963,311.09,0.46,0.54,2025-12-21,2102,N20,VIIRS,low,2.0,272.29,1.89,N
39.4588,21.6467,323.27,0.55,0.79,2025-06-24,1248,NPP,VIIRS,low,2.0,292.32,15.45,D
-31.3613,148.8478,319.8,0.62,0.77,2025-07-08,0914,NPP,VIIRS,nominal,2.0,283.5,33.09,D
-34.9834,146.7342,317.09,0.55,0.66,2025-12-28,0843,N20,VIIRS,low,2.0,286.71,9.79,D
-3.3066,26.0277,300.13,0.42,0.4,2025-04-01,0537,NPP,VIIRS,low,2.0,268.2,8.68,N
38.2198,-115.3309,353.49,0.62,0.66,2025-07-30,0239,NPP,VIIRS,nominal,2.0,312.54,2.24,N
-8.4517,-55.3315,300.0,0.37,0.4,2025-08-29,0749,N20,VIIRS,low,2.0,257.08,15.93,D
-11.6757,-51.3191,328.87,0.47,0.57,2025-06-28,0627,N20,VIIRS,nominal,2.0,288.04,5.69,D
-0.6011,19.0357,380.0,0.46,0.55,2025-11-29,0051,N20,VIIRS,high,2.0,324.24,14.25,N
-31.7327,146.6036,300.0,0.42,0.59,2025-03-26,0757,N20,VIIRS,low,2.0,271.63,38.6,D
-5.1731,20.5381,307.54,0.47,0.45,2025-11-22,1941,NPP,VIIRS,low,2.0,270.05,9.6,N
37.6901,-119.1355,339.12,0.54,0.37,2025-01-08,2057,NPP,VIIRS,nominal,2.0,299.37,3.34,N
35.8401,-120.7283,380.0,0.6,0.68,2025-02-10,0359,NPP,VIIRS,high,2.0,329.14,4.09,N
-8.4399,-55.0633,380.0,0.56,0.6,2025-12-08,0729,N20,VIIRS,high,2.0,335.66,13.2,D
-1.5127,-55.7381,356.39,0.76,0.54,2025-10-31,0025,N21,VIIRS,nominal,2.0,304.0,3.77,N
-7.9499,-54.2618,380.0,0.4,0.52,2025-05-20,0836,NPP,VIIRS,high,2.0,322.64,3.27,D
-32.964,148.9453,306.84,0.61,0.57,2025-01-05,0637,NPP,VIIRS,low,2.0,271.7,9.4,D
34.8782,-119.7703,342.78,0.73,0.68,2025-06-25,2214,NPP,VIIRS,nominal,2.0,297.47,19.07,N
-4.9391,-55.4855,319.82,0.39,0.7,2025-01-13,1401,NPP,VIIRS,low,2.0,280.51,,D
-5.3683,-62.012,376.89,0.48,0.67,2025-08-02,0358,N21,VIIRS,high,2.0,326.25,13.5,N
-4.8959,17.0845,341.22,0.36,0.7,2025-02-17,0517,NPP,VIIRS,nominal,2.0,295.48,4.6,N
37.9643,-121.1022,307.11,0.48,0.52,2025-12-22,2005,N20,VIIRS,low,2.0,270.28,3.89,N
39.7878,-117.6824,333.18,0.72,0.6,2025-07-20,1956,N20,VIIRS,nominal,2.0,295.69,1.61,N
-7.4208,-58.6832,319.8,0.57,0.52,2025-04-13,1800,N20,VIIRS,low,2.0,283.66,3.55,D
-10.1992,-57.6781,380.0,0.33,0.59,2025-06-30,0922,N20,VIIRS,high,2.0,328.62,39.03,D
-7.5319,-57.4265,317.12,0.48,0.49,2025-03-03,1107,NPP,VIIRS,low,2.0,271.1,6.87,D
35.1293,-118.267,337.61,0.62,0.72,2025-06-28,2222,NPP,VIIRS,nominal,2.0,291.04,1.69,N
-9.2425,-55.2819,300.0,0.6,0.65,2025-03-20,0716,NPP,VIIRS,low,2.0,261.43,2.66,D
-4.3172,-51.4084,322.83,0.66,0.37,2025-11-21,2335,NPP,VIIRS,low,2.0,278.59,14.5,N
35.0499,-121.4245,301.15,0.5,0.58,2025-03-18,0454,N20,VIIRS,low,2.0,274.13,3.91,N
-32.5033,148.1562,375.03,0.62,0.46,2025-12-15,1748,N20,VIIRS,high,2.0,323.24,23.43,D
41.2256,18.7457,352.96,0.39,0.76,2025-04-04,1512,N20,VIIRS,nominal,2.0,314.5,2.14,D
-8.9272,-62.0569,348.13,0.42,0.44,2025-04-04,2204,NPP,VIIRS,nominal,2.0,315.14,2.58,N
-8.714,-50.8017,376.48,0.42,0.54,2025-06-25,2319,N21,VIIRS,high,2.0,330.41,9.38,N
34.8523,-120.034,339.1,0.65,0.51,2025-05-27,1425,N20,VIIRS,nominal,2.0,295.63,3.26,D
-7.154,-56.8251,322.67,0.4,0.61,2025-11-29,0220,N20,VIIRS,low,2.0,290.53,1.89,N
-31.9945,143.0135,352.72,0.59,0.72,2025-11-17,2346,N21,VIIRS,nominal,2.0,312.32,25.1,N
-35.5363,147.6635,359.86,0.78,0.45,2025-10-04,0750,NPP,VIIRS,nominal,2.0,317.21,8.18,D
-36.0447,150.2254,360.26,0.32,0.43,2025-04-10,1034,N20,VIIRS,nominal,2.0,311.83,5.99,D
37.173,-119.0095,321.04,0.55,0.65,2025-04-02,0221,N20,VIIRS,low,2.0,283.63,3.62,N
39.0701,24.2939,330.5,0.56,0.71,2025-09-07,2141,N20,VIIRS,nominal,2.0,286.26,3.81,N
-38.4067,148.6787,308.14,0.49,0.51,2025-06-06,0930,NPP,VIIRS,low,2.0,269.52,4.82,D
38.8983,18.5178,334.36,0.45,0.59,2025-04-08,1655,N21,VIIRS,nominal,2.0,292.06,6.85,D
38.0522,22.2965,320.47,0.76,0.56,2025-05-31,1335,NPP,VIIRS,low,2.0,284.56,5.83,D
-9.8249,-56.2596,304.84,0.34,0.47,2025-10-02,2119,N21,VIIRS,low,2.0,277.51,9.36,N
-33.7193,148.6022,337.27,0.43,0.59,2025-05-13,0201,N20,VIIRS,nominal,2.0,290.62,2.07,N
-7.6141,19.3404,345.37,0.33,0.59,2025-10-13,1828,N20,VIIRS,nominal,2.0,303.14,14.8,D
-14.0709,-55.9491,341.5,0.52,0.6,2025-09-25,1403,NPP,VIIRS,nominal,2.0,295.19,2.0,D
-5.4836,-53.4391,301.24,0.61,0.68,2025-03-25,0229,NPP,VIIRS,low,2.0,265.33,4.8,N
-9.0983,-54.4058,315.09,0.7,0.57,2025-10-07,0901,NPP,VIIRS,low,2.0,282.89,4.57,D
-31.4202,149.9391,341.39,0.39,0.76,2025-03-02,0325,N21,VIIRS,nominal,2.0,304.4,1.63,N
0.3571,20.4664,315.88,0.54,0.76,2025-01-16,1935,N20,VIIRS,low,2.0,279.59,21.7,N
-32.4182,144.0089,337.51,0.72,0.79,2025-01-29,0049,N20,VIIRS,nominal,2.0,296.33,95.38,N
-2.9797,23.0542,308.29,0.65,0.49,2025-06-01,0113,N21,VIIRS,low,2.0,276.07,3.47,N
-7.2158,-54.0385,306.67,0.52,0.68,2025-02-13,0017,NPP,VIIRS,low,2.0,276.71,1.05,N
38.5034,18.2853,329.72,0.56,0.37,2025-11-21,1957,N20,VIIRS,nominal,2.0,291.19,3.26,N
-1.5594,17.416,346.7,0.36,0.69,2025-04-03,2127,N20,VIIRS,nominal,2.0,311.55,38.37,N
-7.7955,-64.5716,300.0,0.51,0.39,2025-04-28,1403,N20,VIIRS,low,2.0,268.24,1.0,D
-3.31,-56.6184,336.08,0.64,0.41,2025-11-22,1711,NPP,VIIRS,nominal,2.0,300.06,1.28,D
-35.9632,145.3211,307.09,0.72,0.57,2025-05-04,0539,NPP,VIIRS,low,2.0,268.75,0.84,N
37.5207,18.1658,367.98,0.41,0.65,2025-04-14,0234,NPP,VIIRS,high,2.0,320.62,8.32,N
-32.784,146.1867,317.5,0.45,0.52,2025-08-09,0938,NPP,VIIRS,low,2.0,276.33,1.81,D
-30.247,148.6263,351.03,0.47,0.41,2025-04-11,1850,N20,VIIRS,nominal,2.0,313.09,4.44,D
-4.0889,-56.1926,300.0,0.67,0.49,2025-06-17,0859,NPP,VIIRS,low,2.0,259.43,2.93,D
37.7097,-120.1701,305.42,0.74,0.72,2025-01-16,0814,NPP,VIIRS,low,2.0,267.13,5.02,D
39.305,24.2591,369.98,0.69,0.4,2025-06-01,0300,NPP,VIIRS,high,2.0,323.45,10.92,N
-5.345,-54.3578,350.21,0.65,0.64,2025-03-10,1733,NPP,VIIRS,nominal,2.0,307.97,2.93,D
34.6959,-119.9545,313.24,0.34,0.37,2025-03-06,2237,N20,VIIRS,low,2.0,283.16,8.55,N
37.0574,-121.497,301.59,0.57,0.48,2025-09-12,2343,N20,VIIRS,low,2.0,271.73,1.69,N
-13.0089,-56.8708,325.25,0.38,0.64,2025-06-19,1750,NPP,VIIRS,low,2.0,289.02,6.78,D
-28.3927,145.0411,332.25,0.48,0.77,2025-11-05,2232,N20,VIIRS,nominal,2.0,285.07,13.21,N
-9.2103,-56.945,305.93,0.34,0.41,2025-09-16,1158,NPP,VIIRS,low,2.0,272.58,13.99,D
41.4946,-119.0872,368.58,0.39,0.66,2025-11-25,1112,NPP,VIIRS,high,2.0,325.95,5.68,D
36.1962,19.9343,331.16,0.36,0.45,2025-10-20,1437,N20,VIIRS,nominal,2.0,290.33,8.53,D
36.9932,-117.546,380.0,0.4,0.47,2025-09-09,1720,NPP,VIIRS,high,2.0,336.55,23.49,D
-33.9288,148.9241,323.57,0.74,0.67,2025-03-25,0154,N21,VIIRS,low,2.0,285.64,5.76,N
-35.7612,147.1277,314.76,0.55,0.57,2025-07-01,2012,N20,VIIRS,low,2.0,269.44,18.48,N
-9.982,-49.0915,354.05,0.65,0.49,2025-06-27,1154,N20,VIIRS,high,2.0,311.36,84.96,D
-9.2621,-54.4312,301.33,0.53,0.51,2025-07-26,1641,NPP,VIIRS,low,2.0,272.05,0.75,D
-33.2467,148.6181,375.44,0.56,0.67,2025-06-29,1405,NPP,VIIRS,high,2.0,334.89,2.84,D
-13.7407,-52.2967,313.26,0.5,0.43,2025-06-22,0920,N20,VIIRS,low,2.0,277.49,7.46,D
-11.2805,-53.1038,380.0,0.35,0.57,2025-04-03,1752,N20,VIIRS,high,2.0,329.66,8.33,D
38.6282,-119.2743,329.73,0.58,0.4,2025-04-04,1402,N20,VIIRS,nominal,2.0,296.42,0.86,D
-3.2793,17.8145,380.0,0.46,0.69,2025-03-03,2120,NPP,VIIRS,high,2.0,328.02,4.79,N
39.8491,20.4078,333.11,0.44,0.41,2025-01-23,0015,N20,VIIRS,nominal,2.0,295.05,5.2,N
-2.3858,17.6635,300.0,0.4,0.39,2025-03-26,0614,NPP,VIIRS,low,2.0,263.86,15.78,D
40.7393,-122.7962,314.7,0.5,0.75,2025-04-25,0406,NPP,VIIRS,low,2.0,278.33,15.14,N
41.1618,25.1026,307.89,0.39,0.62,2025-07-13,0418,NPP,VIIRS,low,2.0,268.5,0.83,N
38.0026,-119.3364,380.0,0.51,0.39,2025-07-23,0757,N20,VIIRS,high,2.0,336.43,1.87,D
-4.433,17.7458,304.06,0.64,0.68,2025-03-25,1450,N20,VIIRS,low,2.0,267.42,4.56,D
-35.8872,147.0342,332.7,0.8,0.46,2025-11-17,0609,N20,VIIRS,nominal,2.0,293.7,6.35,D
-32.7809,147.1671,314.42,0.47,0.68,2025-10-25,1619,N20,VIIRS,low,2.0,274.22,5.21,D
-5.0059,20.6324,305.03,0.47,0.67,2025-03-10,2009,NPP,VIIRS,low,2.0,274.69,3.11,N
-33.1902,147.3339,319.15,0.63,0.48,2025-11-24,0737,N20,VIIRS,low,2.0,286.29,9.56,D
-12.2131,-57.2245,352.91,0.79,0.72,2025-06-22,0535,NPP,VIIRS,nominal,2.0,307.77,16.36,N
37.2655,-121.1114,308.66,0.36,0.72,2025-12-26,0602,N21,VIIRS,low,2.0,266.37,4.13,D
-10.7648,-54.6509,323.76,0.78,0.79,2025-01-23,0510,N20,VIIRS,low,2.0,290.95,6.15,N
36.391,-119.4237,318.25,0.62,0.71,2025-08-15,1614,NPP,VIIRS,low,2.0,280.48,5.36,D
35.893,21.9909,317.99,0.32,0.38,2025-08-19,1213,N20,VIIRS,low,2.0,282.21,8.24,D
38.3729,-121.1489,321.72,0.66,0.73,2025-11-06,0257,NPP,VIIRS,low,2.0,286.46,2.56,N
-32.2648,148.2962,315.12,0.33,0.76,2025-04-24,0607,N21,VIIRS,low,2.0,276.67,3.9,D
39.2485,22.9556,345.65,0.56,0.41,2025-09-06,2218,N20,VIIRS,nominal,2.0,307.51,31.18,N
-9.9324,-51.5541,302.43,0.73,0.68,2025-10-02,0656,N20,VIIRS,low,2.0,272.64,58.03,D
39.0471,23.2399,315.43,0.64,0.42,2025-03-16,0752,N20,VIIRS,low,2.0,283.85,7.59,D
37.9095,-118.0496,350.83,0.51,0.64,2025-05-31,2148,N20,VIIRS,nominal,2.0,307.75,5.89,N
39.1181,-119.3264,358.14,0.75,0.45,2025-05-30,0114,NPP,VIIRS,nominal,2.0,311.27,1.31,N
-34.9599,144.0853,349.26,0.52,0.38,2025-03-08,0241,N20,VIIRS,nominal,2.0,306.79,4.57,N
-5.5773,-57.7038,337.47,0.77,0.76,2025-02-22,1350,N20,VIIRS,nominal,2.0,294.0,26.85,D
39.1192,24.4615,333.39,0.59,0.42,2025-10-09,0131,NPP,VIIRS,nominal,2.0,293.78,17.35,N
-10.1138,-49.2441,314.82,0.34,0.41,2025-08-03,2003,NPP,VIIRS,low,2.0,280.01,4.89,N
-34.0707,148.7169,371.52,0.64,0.52,2025-03-06,2046,NPP,VIIRS,high,2.0,328.72,2.16,N
-30.8225,147.2474,346.89,0.53,0.51,2025-07-30,2305,N20,VIIRS,nominal,2.0,304.23,31.34,N
38.6907,25.5318,333.39,0.54,0.44,2025-04-19,2106,N21,VIIRS,nominal,2.0,286.24,2.97,N
34.9702,-119.6587,305.34,0.58,0.64,2025-02-15,1805,N20,VIIRS,low,2.0,274.21,1.15,D
34.4188,-123.3931,328.96,0.38,0.7,2025-11-01,2358,N21,VIIRS,nominal,2.0,293.46,0.66,N
39.0902,-121.8459,344.11,0.54,0.51,2025-10-09,2349,N20,VIIRS,nominal,2.0,301.75,43.53,N
40.0908,24.31,308.58,0.64,0.76,2025-10-17,1633,N20,VIIRS,low,2.0,271.82,,D
-10.6337,-59.7262,340.94,0.48,0.39,2025-04-12,0653,NPP,VIIRS,nominal,2.0,295.0,14.13,D
38.5189,-120.8524,303.97,0.68,0.45,2025-08-23,0609,N21,VIIRS,low,2.0,267.62,5.37,D
-8.4148,-56.3944,380.0,0.71,0.72,2025-09-16,1425,N21,VIIRS,high,2.0,336.06,163.67,D
37.8163,-119.0932,313.16,0.44,0.59,2025-07-04,2135,N21,VIIRS,low,2.0,282.01,9.14,N
36.3979,-121.4755,326.74,0.59,0.4,2025-01-09,1901,N20,VIIRS,low,2.0,291.34,1.77,N
40.889,20.4944,350.43,0.49,0.37,2025-04-20,1552,NPP,VIIRS,nominal,2.0,301.69,12.11,D
-3.4877,22.8639,316.16,0.56,0.74,2025-08-07,1930,NPP,VIIRS,low,2.0,278.28,4.71,N
-6.2139,-55.5799,353.25,0.73,0.52,2025-11-12,0132,NPP,VIIRS,nominal,2.0,307.56,25.49,N
-4.3681,14.0292,322.42,0.78,0.38,2025-02-19,0016,NPP,VIIRS,low,2.0,289.19,2.06,N
-33.8971,148.4771,380.0,0.33,0.4,2025-04-12,1959,NPP,VIIRS,high,2.0,331.51,4.48,N
-7.7988,-50.4865,306.35,0.44,0.56,2025-10-30,1712,NPP,VIIRS,low,2.0,265.79,2.65,D
-4.6812,21.2003,329.57,0.77,0.46,2025-12-07,0043,N20,VIIRS,nominal,2.0,288.97,3.32,N
-6.7802,-42.436,335.03,0.58,0.76,2025-02-09,0315,NPP,VIIRS,nominal,2.0,291.3,13.77,N
-8.5318,-59.6111,333.47,0.74,0.55,2025-10-21,0958,NPP,VIIRS,nominal,2.0,295.46,2.71,D
-3.6402,22.0108,380.0,0.77,0.45,2025-01-29,1100,N20,VIIRS,high,2.0,334.16,26.9,D
38.1378,-121.1951,373.46,0.66,0.77,2025-03-02,0247,N20,VIIRS,high,2.0,324.28,5.12,N
38.9911,24.8284,304.3,0.5,0.63,2025-10-02,1602,NPP,VIIRS,low,2.0,275.36,23.51,D
41.2291,24.0144,304.33,0.58,0.48,2025-06-14,1958,N20,VIIRS,low,2.0,272.45,1.63,N
39.2859,24.9501,336.22,0.5,0.49,2025-11-30,2016,N20,VIIRS,nominal,2.0,291.39,2.64,N
